user_id,segment_id,segment_index,start_time,end_time,duration_minutes,record_count,purchase_stage,price_sensitivity,product_preference,concern_focus,core_need,intent_score,business_cluster,record_count_log,duration_minutes_log
bf01d96f-07c7-417f-ae39-af135b9afd90,bf01d96f-07c7-417f-ae39-af135b9afd90_seg_0,0,2025-11-06T06:49:16.390Z,2025-11-06T07:02:19.544Z,13.052566666666667,26,0,2,5,4,3,0.5,14,3.295836866004329,2.642876218842722
97d29e2f-c85b-4fd8-8bc0-475dc1556e1f,97d29e2f-c85b-4fd8-8bc0-475dc1556e1f_seg_0,0,2025-11-05T10:32:33.107Z,2025-11-05T10:32:33.107Z,0.0,1,1,2,0,2,0,0.85,1,0.6931471805599453,0.0009995003330835331
97d29e2f-c85b-4fd8-8bc0-475dc1556e1f,97d29e2f-c85b-4fd8-8bc0-475dc1556e1f_seg_1,1,2025-11-06T07:35:31.081Z,2025-11-06T07:41:57.361Z,6.438,12,0,2,5,4,3,0.5,5,2.5649493574615367,2.0067364312092044
9a33a09f-4a00-42c3-9df2-262b8e6aa6a6,9a33a09f-4a00-42c3-9df2-262b8e6aa6a6_seg_0,0,2025-11-06T07:25:07.036Z,2025-11-06T07:26:11.474Z,1.0739666666666667,5,0,2,5,4,3,0.5,11,1.791759469228055,0.729945089296602
29994531-0f0f-4b05-a7c8-c47bb9078cc0,29994531-0f0f-4b05-a7c8-c47bb9078cc0_seg_0,0,2025-11-06T07:21:03.713Z,2025-11-06T07:25:57.017Z,4.8884,8,0,2,5,4,3,0.5,2,2.1972245773362196,1.7731541249024856
87f7c13b-4d0c-46aa-98fc-fbb95b5ba3d7,87f7c13b-4d0c-46aa-98fc-fbb95b5ba3d7_seg_0,0,2025-11-06T05:41:58.107Z,2025-11-06T05:44:52.786Z,2.9113166666666666,14,0,2,5,4,3,0.5,5,2.70805020110221,1.3641296964084269
87f7c13b-4d0c-46aa-98fc-fbb95b5ba3d7,87f7c13b-4d0c-46aa-98fc-fbb95b5ba3d7_seg_1,1,2025-11-06T06:02:49.028Z,2025-11-06T06:03:41.941Z,0.8818833333333332,5,0,2,5,4,3,0.5,11,1.791759469228055,0.632804289886898
87f7c13b-4d0c-46aa-98fc-fbb95b5ba3d7,87f7c13b-4d0c-46aa-98fc-fbb95b5ba3d7_seg_2,2,2025-11-06T06:17:20.415Z,2025-11-06T06:18:36.140Z,1.2620833333333332,7,0,2,5,4,3,0.5,9,2.0794415416798357,0.8167281902479651
87f7c13b-4d0c-46aa-98fc-fbb95b5ba3d7,87f7c13b-4d0c-46aa-98fc-fbb95b5ba3d7_seg_3,3,2025-11-06T06:35:29.381Z,2025-11-06T06:37:57.075Z,2.4615666666666667,9,0,2,5,4,3,0.5,9,2.302585092994046,1.2420101252390534
87f7c13b-4d0c-46aa-98fc-fbb95b5ba3d7,87f7c13b-4d0c-46aa-98fc-fbb95b5ba3d7_seg_4,4,2025-11-06T07:29:06.088Z,2025-11-06T07:32:06.369Z,3.0046833333333334,14,0,2,5,4,3,0.5,5,2.70805020110221,1.3877141860246363
5d003df2-d113-4187-a4ae-4c7c20c8c953,5d003df2-d113-4187-a4ae-4c7c20c8c953_seg_0,0,2025-11-05T17:14:21.680Z,2025-11-05T17:22:14.846Z,7.8861,7,0,2,5,4,3,0.5,2,2.0794415416798357,2.1846007870841637
5d003df2-d113-4187-a4ae-4c7c20c8c953,5d003df2-d113-4187-a4ae-4c7c20c8c953_seg_1,1,2025-11-06T07:22:23.160Z,2025-11-06T07:23:41.583Z,1.30705,4,0,2,5,4,3,0.5,11,1.6094379124341003,0.8364030121893598
1c3499ce-be32-4603-8102-1c5325c3dae5,1c3499ce-be32-4603-8102-1c5325c3dae5_seg_0,0,2025-11-06T06:34:52.114Z,2025-11-06T06:36:03.613Z,1.1916499999999999,3,0,2,5,4,3,0.5,11,1.3862943611198906,0.7851108579753093
1c3499ce-be32-4603-8102-1c5325c3dae5,1c3499ce-be32-4603-8102-1c5325c3dae5_seg_1,1,2025-11-06T06:48:25.463Z,2025-11-06T06:53:05.885Z,4.6737,10,0,2,5,4,3,0.5,5,2.3978952727983707,1.7360176985340223
7b984ad0-ba97-4d8c-aa09-fa5788884bd3,7b984ad0-ba97-4d8c-aa09-fa5788884bd3_seg_0,0,2025-11-06T07:46:29.401Z,2025-11-06T07:48:12.303Z,1.7150333333333334,3,0,2,5,4,3,0.5,11,1.3862943611198906,0.9991724825715549
a56221f5-c37d-4516-8315-f430629e7e3a,a56221f5-c37d-4516-8315-f430629e7e3a_seg_0,0,2025-11-06T07:07:54.590Z,2025-11-06T07:09:57.745Z,2.052583333333333,8,0,2,5,4,3,0.5,9,2.1972245773362196,1.1163157643953885
9d3f551e-2def-496e-85ff-330b586fddc5,9d3f551e-2def-496e-85ff-330b586fddc5_seg_0,0,2025-11-06T07:00:08.071Z,2025-11-06T07:00:08.071Z,0.0,1,1,1,3,0,1,0.85,10,0.6931471805599453,0.0009995003330835331
39a40361-dfdc-4961-aaa0-ae3f48ca213f,39a40361-dfdc-4961-aaa0-ae3f48ca213f_seg_0,0,2025-11-06T07:14:58.345Z,2025-11-06T07:14:58.345Z,0.0,1,1,2,2,3,0,0.85,1,0.6931471805599453,0.0009995003330835331
37e82892-d165-4e75-bf1b-8b89d5baffef,37e82892-d165-4e75-bf1b-8b89d5baffef_seg_0,0,2025-11-06T06:05:49.703Z,2025-11-06T06:22:37.832Z,16.80215,22,0,2,5,4,3,0.5,14,3.1354942159291497,2.8793754079334875
37e82892-d165-4e75-bf1b-8b89d5baffef,37e82892-d165-4e75-bf1b-8b89d5baffef_seg_1,1,2025-11-06T07:11:59.410Z,2025-11-06T07:19:10.178Z,7.179466666666666,17,0,2,5,4,3,0.5,5,2.8903717578961645,2.101749198702134
dcc77ce0-ae5f-4aba-9a0e-fb5a28673293,dcc77ce0-ae5f-4aba-9a0e-fb5a28673293_seg_0,0,2025-11-06T07:04:04.569Z,2025-11-06T07:04:04.569Z,0.0,1,1,2,2,3,0,0.85,1,0.6931471805599453,0.0009995003330835331
b33bd015-0a34-4680-9334-d5c5720e0cfa,b33bd015-0a34-4680-9334-d5c5720e0cfa_seg_0,0,2025-11-05T08:57:13.022Z,2025-11-05T08:57:14.830Z,0.030133333333333335,2,0,2,5,4,3,0.5,0,1.0986122886681098,0.030658520953792685
b33bd015-0a34-4680-9334-d5c5720e0cfa,b33bd015-0a34-4680-9334-d5c5720e0cfa_seg_1,1,2025-11-05T10:45:52.314Z,2025-11-05T10:45:52.314Z,0.0,1,2,2,0,1,0,0.9,6,0.6931471805599453,0.0009995003330835331
b33bd015-0a34-4680-9334-d5c5720e0cfa,b33bd015-0a34-4680-9334-d5c5720e0cfa_seg_2,2,2025-11-05T17:55:05.338Z,2025-11-05T17:55:05.483Z,0.0024166666666666664,2,0,2,5,4,3,0.5,0,1.0986122886681098,0.003410843122081655
b33bd015-0a34-4680-9334-d5c5720e0cfa,b33bd015-0a34-4680-9334-d5c5720e0cfa_seg_3,3,2025-11-06T07:17:11.174Z,2025-11-06T07:21:46.325Z,4.58585,7,0,2,5,4,3,0.5,2,2.0794415416798357,1.7204156220765037
dd59d3f1-5d96-4b21-aacb-e0e6e85df4fb,dd59d3f1-5d96-4b21-aacb-e0e6e85df4fb_seg_0,0,2025-11-06T06:44:44.553Z,2025-11-06T06:45:52.499Z,1.1324333333333334,2,0,2,5,4,3,0.5,11,1.0986122886681098,0.7577325755989179
holosession-1762413597784-zmztynb,holosession-1762413597784-zmztynb_seg_0,0,2025-11-06T07:20:16.880Z,2025-11-06T07:20:52.570Z,0.5948333333333333,2,0,2,5,4,3,0.5,0,1.0986122886681098,0.4673960658386547
,_seg_0,0,2025-11-05T08:11:02.895Z,2025-11-05T08:27:46.012Z,16.718616666666666,3,0,2,5,4,3,0.5,2,1.3862943611198906,2.8746723121363207
,_seg_1,1,2025-11-05T10:14:42.577Z,2025-11-05T10:15:58.012Z,1.25725,2,0,2,5,4,3,0.5,11,1.0986122886681098,0.8145901770478158
,_seg_2,2,2025-11-05T12:50:23.729Z,2025-11-05T12:50:23.729Z,0.0,1,0,2,5,4,3,0.5,0,0.6931471805599453,0.0009995003330835331
,_seg_3,3,2025-11-05T15:34:10.121Z,2025-11-05T15:34:11.254Z,0.018883333333333332,2,0,2,5,4,3,0.5,0,1.0986122886681098,0.01968824166942602
,_seg_4,4,2025-11-05T18:17:34.965Z,2025-11-05T18:17:34.965Z,0.0,1,0,2,5,4,3,0.5,0,0.6931471805599453,0.0009995003330835331
,_seg_5,5,2025-11-05T18:40:29.393Z,2025-11-05T18:45:34.476Z,5.084716666666667,2,0,2,5,4,3,0.5,2,1.0986122886681098,1.8059444954562418
,_seg_6,6,2025-11-05T20:50:54.235Z,2025-11-05T20:50:54.235Z,0.0,1,0,2,5,4,3,0.5,0,0.6931471805599453,0.0009995003330835331
,_seg_7,7,2025-11-05T22:20:56.361Z,2025-11-05T22:20:56.361Z,0.0,1,0,2,5,4,3,0.5,0,0.6931471805599453,0.0009995003330835331
,_seg_8,8,2025-11-06T00:04:41.179Z,2025-11-06T00:04:41.179Z,0.0,1,0,2,5,4,3,0.5,0,0.6931471805599453,0.0009995003330835331
,_seg_9,9,2025-11-06T02:10:16.100Z,2025-11-06T02:18:05.935Z,7.830583333333333,2,0,2,5,4,3,0.5,2,1.0986122886681098,2.1783343114895057
,_seg_10,10,2025-11-06T06:35:32.067Z,2025-11-06T06:35:32.067Z,0.0,1,0,2,5,4,3,0.5,0,0.6931471805599453,0.0009995003330835331
,_seg_11,11,2025-11-06T06:54:25.989Z,2025-11-06T06:54:25.989Z,0.0,1,0,2,5,4,3,0.5,0,0.6931471805599453,0.0009995003330835331
,_seg_12,12,2025-11-06T07:39:17.134Z,2025-11-06T07:39:17.134Z,0.0,1,0,2,5,4,3,0.5,0,0.6931471805599453,0.0009995003330835331
06464541-a64c-4cae-b47a-031c63feff8f,06464541-a64c-4cae-b47a-031c63feff8f_seg_0,0,2025-11-06T06:12:37.635Z,2025-11-06T06:12:37.635Z,0.0,1,1,1,2,2,1,0.9,1,0.6931471805599453,0.0009995003330835331
06464541-a64c-4cae-b47a-031c63feff8f,06464541-a64c-4cae-b47a-031c63feff8f_seg_1,1,2025-11-06T06:50:03.742Z,2025-11-06T06:50:37.572Z,0.5638333333333333,2,0,2,5,4,3,0.5,0,1.0986122886681098,0.44777932204835535
66b301d7-8d8f-44b6-9601-708d4b83ab4f,66b301d7-8d8f-44b6-9601-708d4b83ab4f_seg_0,0,2025-11-06T07:35:10.568Z,2025-11-06T07:36:42.848Z,1.538,2,0,2,5,4,3,0.5,11,1.0986122886681098,0.9317703027225414
4e7cbc54-f344-4a12-8b9f-d02be3c6fc76,4e7cbc54-f344-4a12-8b9f-d02be3c6fc76_seg_0,0,2025-11-06T07:09:24.952Z,2025-11-06T07:10:00.227Z,0.5879166666666666,2,0,2,5,4,3,0.5,0,1.0986122886681098,0.4630524422943073
cdc05947-dad2-43cb-9f1f-f4a5efec2b16,cdc05947-dad2-43cb-9f1f-f4a5efec2b16_seg_0,0,2025-11-06T06:46:59.257Z,2025-11-06T06:46:59.396Z,0.002316666666666667,2,0,2,5,4,3,0.5,0,1.0986122886681098,0.0033111786590245065
c205567c-52e6-46dc-bb3b-204c85058ec7,c205567c-52e6-46dc-bb3b-204c85058ec7_seg_0,0,2025-11-05T08:13:38.681Z,2025-11-05T08:19:06.325Z,5.460733333333334,32,0,2,5,4,3,0.5,5,3.4965075614664802,1.8658975996571703
c205567c-52e6-46dc-bb3b-204c85058ec7,c205567c-52e6-46dc-bb3b-204c85058ec7_seg_1,1,2025-11-05T20:59:41.903Z,2025-11-05T21:13:26.482Z,13.742983333333333,83,0,2,5,4,3,0.5,14,4.430816798843313,2.690835089963555
f01c2db7-cf17-46d0-9e8f-02c9a310eb0c,f01c2db7-cf17-46d0-9e8f-02c9a310eb0c_seg_0,0,2025-11-05T17:21:14.114Z,2025-11-05T17:21:14.114Z,0.0,1,0,2,3,2,3,0.85,4,0.6931471805599453,0.0009995003330835331
545640df-2201-4164-8ab1-213f3a073d5e,545640df-2201-4164-8ab1-213f3a073d5e_seg_0,0,2025-11-05T18:19:45.887Z,2025-11-05T18:23:57.828Z,4.199016666666667,13,0,2,5,4,3,0.5,5,2.6390573296152584,1.6486618307104506
545640df-2201-4164-8ab1-213f3a073d5e,545640df-2201-4164-8ab1-213f3a073d5e_seg_1,1,2025-11-06T03:25:50.188Z,2025-11-06T03:25:50.188Z,0.0,1,0,1,2,4,1,0.85,7,0.6931471805599453,0.0009995003330835331
f10c6077-3f4b-4883-a260-150090ede39c,f10c6077-3f4b-4883-a260-150090ede39c_seg_0,0,2025-11-05T18:55:33.525Z,2025-11-05T18:59:51.345Z,4.297,8,0,2,5,4,3,0.5,9,2.1972245773362196,1.667329390849878
f10c6077-3f4b-4883-a260-150090ede39c,f10c6077-3f4b-4883-a260-150090ede39c_seg_1,1,2025-11-05T19:28:26.501Z,2025-11-05T19:50:13.151Z,21.7775,28,0,2,5,4,3,0.5,14,3.367295829986474,3.125817108616596
f10c6077-3f4b-4883-a260-150090ede39c,f10c6077-3f4b-4883-a260-150090ede39c_seg_2,2,2025-11-05T20:01:38.024Z,2025-11-05T20:04:26.935Z,2.815183333333333,4,0,2,5,4,3,0.5,11,1.6094379124341003,1.3392507957583415
f10c6077-3f4b-4883-a260-150090ede39c,f10c6077-3f4b-4883-a260-150090ede39c_seg_3,3,2025-11-05T20:22:54.161Z,2025-11-05T20:36:31.161Z,13.616666666666667,11,0,2,5,4,3,0.5,14,2.4849066497880004,2.6822308428611907
d9a5983a-ae6b-4ca7-9120-6b4b45a95ac6,d9a5983a-ae6b-4ca7-9120-6b4b45a95ac6_seg_0,0,2025-11-05T16:21:28.031Z,2025-11-05T16:23:04.893Z,1.6143666666666665,4,0,2,5,4,3,0.5,11,1.6094379124341003,0.9614043043859778
96b19ffd-05fb-4e8f-8f3c-b525127554e4,96b19ffd-05fb-4e8f-8f3c-b525127554e4_seg_0,0,2025-11-05T16:43:14.924Z,2025-11-05T16:43:15.254Z,0.0055000000000000005,5,0,2,5,4,3,0.5,0,1.791759469228055,0.006478966097709123
96b19ffd-05fb-4e8f-8f3c-b525127554e4,96b19ffd-05fb-4e8f-8f3c-b525127554e4_seg_1,1,2025-11-05T18:40:31.717Z,2025-11-05T18:44:22.342Z,3.84375,2,0,2,5,4,3,0.5,2,1.0986122886681098,1.5778956444242218
96b19ffd-05fb-4e8f-8f3c-b525127554e4,96b19ffd-05fb-4e8f-8f3c-b525127554e4_seg_2,2,2025-11-05T20:29:27.673Z,2025-11-05T20:30:07.092Z,0.6569833333333333,6,0,2,5,4,3,0.5,11,1.9459101490553132,0.5056020043907653
96b19ffd-05fb-4e8f-8f3c-b525127554e4,96b19ffd-05fb-4e8f-8f3c-b525127554e4_seg_3,3,2025-11-05T21:43:02.609Z,2025-11-05T21:43:04.928Z,0.03865,2,0,2,5,4,3,0.5,0,1.0986122886681098,0.03888411804996634
96b19ffd-05fb-4e8f-8f3c-b525127554e4,96b19ffd-05fb-4e8f-8f3c-b525127554e4_seg_4,4,2025-11-05T23:28:07.296Z,2025-11-05T23:33:08.194Z,5.014966666666667,8,0,2,5,4,3,0.5,2,2.1972245773362196,1.7944170458520468
96b19ffd-05fb-4e8f-8f3c-b525127554e4,96b19ffd-05fb-4e8f-8f3c-b525127554e4_seg_5,5,2025-11-06T00:49:36.065Z,2025-11-06T00:54:35.567Z,4.9917,10,0,2,5,4,3,0.5,5,2.3978952727983707,1.7905420618216163
96b19ffd-05fb-4e8f-8f3c-b525127554e4,96b19ffd-05fb-4e8f-8f3c-b525127554e4_seg_6,6,2025-11-06T02:18:04.297Z,2025-11-06T02:18:11.058Z,0.11268333333333333,2,0,2,5,4,3,0.5,0,1.0986122886681098,0.10767284017369454
96b19ffd-05fb-4e8f-8f3c-b525127554e4,96b19ffd-05fb-4e8f-8f3c-b525127554e4_seg_7,7,2025-11-06T04:13:40.765Z,2025-11-06T04:14:39.376Z,0.97685,4,0,2,5,4,3,0.5,11,1.6094379124341003,0.6820103961490286
770b6136-4349-4983-93dd-10a6830ab5a4,770b6136-4349-4983-93dd-10a6830ab5a4_seg_0,0,2025-11-05T17:44:13.231Z,2025-11-05T17:45:46.081Z,1.5474999999999999,4,0,2,5,4,3,0.5,11,1.6094379124341003,0.9355049507979593
7c4c9cb0-e1c8-4aef-9f55-07edf311a7b2,7c4c9cb0-e1c8-4aef-9f55-07edf311a7b2_seg_0,0,2025-11-05T21:17:05.806Z,2025-11-05T21:20:05.398Z,2.9932000000000003,14,0,2,5,4,3,0.5,5,2.70805020110221,1.384843308852576
b98606ed-e76f-43f4-b4ac-34f1a729a5f0,b98606ed-e76f-43f4-b4ac-34f1a729a5f0_seg_0,0,2025-11-05T16:07:45.650Z,2025-11-05T16:08:56.646Z,1.1832666666666667,5,0,2,5,4,3,0.5,11,1.791759469228055,0.7812801505511455
7ba0215e-0b91-4cd4-90ce-34cfd4213dae,7ba0215e-0b91-4cd4-90ce-34cfd4213dae_seg_0,0,2025-11-05T18:17:42.454Z,2025-11-05T18:18:04.765Z,0.37185,2,0,2,5,4,3,0.5,0,1.0986122886681098,0.316888870999721
568AAF84-4ae2-4873-bee2-eec9f8f30cdf,568AAF84-4ae2-4873-bee2-eec9f8f30cdf_seg_0,0,2025-11-05T21:13:10.388Z,2025-11-05T21:13:46.378Z,0.5998333333333333,2,0,2,5,4,3,0.5,0,1.0986122886681098,0.470524326992465
568AAF84-4ae2-4873-bee2-eec9f8f30cdf,568AAF84-4ae2-4873-bee2-eec9f8f30cdf_seg_1,1,2025-11-05T21:24:20.246Z,2025-11-05T21:26:53.988Z,2.5623666666666667,9,0,2,5,4,3,0.5,9,2.302585092994046,1.2707057908620412
c441d18b-f71e-4af6-9262-751452e76ee1,c441d18b-f71e-4af6-9262-751452e76ee1_seg_0,0,2025-11-05T20:15:40.214Z,2025-11-05T20:19:02.993Z,3.37965,5,0,2,5,4,3,0.5,2,1.791759469228055,1.477197115204377
7fcba61b-bdd3-4a67-ab0c-8424d653ff28,7fcba61b-bdd3-4a67-ab0c-8424d653ff28_seg_0,0,2025-11-05T23:06:55.315Z,2025-11-05T23:08:22.679Z,1.4560666666666668,3,0,2,5,4,3,0.5,11,1.3862943611198906,0.8989682265314058
7fcba61b-bdd3-4a67-ab0c-8424d653ff28,7fcba61b-bdd3-4a67-ab0c-8424d653ff28_seg_1,1,2025-11-06T04:37:37.552Z,2025-11-06T04:38:07.099Z,0.49245,3,0,2,5,4,3,0.5,0,1.3862943611198906,0.4010888797071852
holosession-1760685312591-f9ene7q,holosession-1760685312591-f9ene7q_seg_0,0,2025-11-05T08:25:44.489Z,2025-11-05T08:28:39.086Z,2.9099500000000003,19,0,2,5,4,3,0.5,5,2.995732273553991,1.3637803112375515
holosession-1760685312591-f9ene7q,holosession-1760685312591-f9ene7q_seg_1,1,2025-11-05T16:08:31.354Z,2025-11-05T16:11:11.063Z,2.6618166666666667,18,0,2,5,4,3,0.5,5,2.9444389791664403,1.2982324324940817
3c27f356-6573-4574-af54-0d67d3df24a7,3c27f356-6573-4574-af54-0d67d3df24a7_seg_0,0,2025-11-05T19:05:12.823Z,2025-11-05T19:05:27.738Z,0.24858333333333332,2,0,2,5,4,3,0.5,0,1.0986122886681098,0.22281016241297208
holosession-1762359331512-h6l49rk,holosession-1762359331512-h6l49rk_seg_0,0,2025-11-05T16:15:48.030Z,2025-11-05T16:16:24.128Z,0.6016333333333334,2,0,2,5,4,3,0.5,0,1.0986122886681098,0.4716481096796163
0f31fb6e-2085-4c40-87df-c5fdb3ff2f45,0f31fb6e-2085-4c40-87df-c5fdb3ff2f45_seg_0,0,2025-11-05T18:37:49.908Z,2025-11-05T18:40:01.289Z,2.1896833333333334,6,0,2,5,4,3,0.5,9,1.9459101490553132,1.1602351049331165
b68cfef4-20b7-4769-a68f-241bff2d6bfb,b68cfef4-20b7-4769-a68f-241bff2d6bfb_seg_0,0,2025-11-05T15:03:19.542Z,2025-11-05T15:16:49.550Z,13.500133333333334,12,0,2,5,4,3,0.5,14,2.5649493574615367,2.6742268072916633
b68cfef4-20b7-4769-a68f-241bff2d6bfb,b68cfef4-20b7-4769-a68f-241bff2d6bfb_seg_1,1,2025-11-06T04:12:51.646Z,2025-11-06T04:12:51.646Z,0.0,1,2,1,3,3,1,0.85,13,0.6931471805599453,0.0009995003330835331
4a03a5a7-0683-4a36-b969-cd2e071a1db6,4a03a5a7-0683-4a36-b969-cd2e071a1db6_seg_0,0,2025-11-05T15:06:16.747Z,2025-11-05T15:16:54.380Z,10.627216666666667,16,0,2,5,4,3,0.5,14,2.833213344056216,2.4534346157073017
1a003707-c54d-481f-862a-772a10d33169,1a003707-c54d-481f-862a-772a10d33169_seg_0,0,2025-11-05T19:15:56.712Z,2025-11-05T19:23:20.573Z,7.397683333333333,10,0,2,5,4,3,0.5,5,2.3978952727983707,2.1280749475315788
97e20d5c-1ad9-4d53-9a8a-9f5d7623e420,97e20d5c-1ad9-4d53-9a8a-9f5d7623e420_seg_0,0,2025-11-05T23:09:45.401Z,2025-11-05T23:11:52.181Z,2.113,2,0,2,5,4,3,0.5,11,1.0986122886681098,1.1359080734118066
25befc51-401a-4ac3-97ab-492f899db3a1,25befc51-401a-4ac3-97ab-492f899db3a1_seg_0,0,2025-11-05T08:21:40.756Z,2025-11-05T08:33:50.488Z,12.1622,14,0,2,5,4,3,0.5,14,2.70805020110221,2.577425057432529
25befc51-401a-4ac3-97ab-492f899db3a1,25befc51-401a-4ac3-97ab-492f899db3a1_seg_1,1,2025-11-05T15:51:15.611Z,2025-11-05T16:13:04.546Z,21.815583333333333,14,0,2,5,4,3,0.5,14,2.70805020110221,3.127487610758729
343e3987-9097-465f-93f7-2ef3d485bf15,343e3987-9097-465f-93f7-2ef3d485bf15_seg_0,0,2025-11-05T17:53:31.372Z,2025-11-05T17:54:16.062Z,0.7448333333333333,2,0,2,5,4,3,0.5,0,1.0986122886681098,0.5572319965801464
2ee7fa5c-291c-4fe3-955b-84ce233a3320,2ee7fa5c-291c-4fe3-955b-84ce233a3320_seg_0,0,2025-11-05T20:09:01.005Z,2025-11-05T20:10:17.089Z,1.2680666666666667,3,0,2,5,4,3,0.5,11,1.3862943611198906,0.8193685868851008
c95fc03f-641f-4703-9de5-960cec3bfd61,c95fc03f-641f-4703-9de5-960cec3bfd61_seg_0,0,2025-11-05T23:45:50.245Z,2025-11-05T23:49:12.553Z,3.3718,5,0,2,5,4,3,0.5,2,1.791759469228055,1.4754035361916664
c95fc03f-641f-4703-9de5-960cec3bfd61,c95fc03f-641f-4703-9de5-960cec3bfd61_seg_1,1,2025-11-06T02:24:22.663Z,2025-11-06T02:24:22.663Z,0.0,1,1,1,1,3,0,0.9,1,0.6931471805599453,0.0009995003330835331
c95fc03f-641f-4703-9de5-960cec3bfd61,c95fc03f-641f-4703-9de5-960cec3bfd61_seg_2,2,2025-11-06T05:15:31.792Z,2025-11-06T05:15:31.792Z,0.0,1,1,1,2,3,0,0.9,1,0.6931471805599453,0.0009995003330835331
d0ff5228-9f04-4dc4-8ce7-9bcdc7f39e13,d0ff5228-9f04-4dc4-8ce7-9bcdc7f39e13_seg_0,0,2025-11-05T22:41:32.652Z,2025-11-05T22:41:32.652Z,0.0,1,1,1,2,3,0,0.85,1,0.6931471805599453,0.0009995003330835331
1c2ecfbc-4a68-4e6f-993c-aa4aed1581b7,1c2ecfbc-4a68-4e6f-993c-aa4aed1581b7_seg_0,0,2025-11-05T18:29:40.588Z,2025-11-05T18:29:40.588Z,0.0,1,0,2,5,4,3,0.5,0,0.6931471805599453,0.0009995003330835331
32103cff-a1a0-45dd-a973-c3405038aeba,32103cff-a1a0-45dd-a973-c3405038aeba_seg_0,0,2025-11-05T14:50:46.932Z,2025-11-05T14:50:46.932Z,0.0,1,2,2,0,2,0,0.9,6,0.6931471805599453,0.0009995003330835331
5d51aee4-5921-4b05-97f6-b85e9198d96d,5d51aee4-5921-4b05-97f6-b85e9198d96d_seg_0,0,2025-11-05T21:27:35.964Z,2025-11-05T21:29:32.681Z,1.9452833333333333,8,0,2,5,4,3,0.5,9,2.1972245773362196,1.080544489021202
fb0e17ee-2005-4d3f-9e84-ed2d83b908ff,fb0e17ee-2005-4d3f-9e84-ed2d83b908ff_seg_0,0,2025-11-05T19:15:04.840Z,2025-11-05T19:17:14.257Z,2.15695,3,0,2,5,4,3,0.5,11,1.3862943611198906,1.149923082902537
fb0e17ee-2005-4d3f-9e84-ed2d83b908ff,fb0e17ee-2005-4d3f-9e84-ed2d83b908ff_seg_1,1,2025-11-05T19:46:18.422Z,2025-11-05T19:46:18.422Z,0.0,1,0,2,4,1,3,0.95,4,0.6931471805599453,0.0009995003330835331
f03c7ad9-1eb3-4c20-9d4b-595d386a65d1,f03c7ad9-1eb3-4c20-9d4b-595d386a65d1_seg_0,0,2025-11-05T18:45:01.597Z,2025-11-05T18:48:40.441Z,3.6473999999999998,8,0,2,5,4,3,0.5,9,2.1972245773362196,1.5365230743665814
5013fcbb-e9dd-4018-8b9a-4b62bc87e55f,5013fcbb-e9dd-4018-8b9a-4b62bc87e55f_seg_0,0,2025-11-05T16:50:20.696Z,2025-11-05T16:51:54.565Z,1.5644833333333332,5,0,2,5,4,3,0.5,11,1.791759469228055,0.9421468949193507
5013fcbb-e9dd-4018-8b9a-4b62bc87e55f,5013fcbb-e9dd-4018-8b9a-4b62bc87e55f_seg_1,1,2025-11-05T18:49:30.592Z,2025-11-05T18:50:52.516Z,1.3654000000000002,3,0,2,5,4,3,0.5,11,1.3862943611198906,0.8613698129743983
156390d4-f621-424b-9edd-929d5086eb27,156390d4-f621-424b-9edd-929d5086eb27_seg_0,0,2025-11-05T16:24:25.853Z,2025-11-05T16:25:09.948Z,0.7349166666666667,3,0,2,5,4,3,0.5,11,1.3862943611198906,0.5515356120137774
f0f7cb18-bebb-4e7d-9af9-b6bd380f4fb2,f0f7cb18-bebb-4e7d-9af9-b6bd380f4fb2_seg_0,0,2025-11-05T22:18:56.472Z,2025-11-05T22:27:27.234Z,8.5127,7,0,2,5,4,3,0.5,2,2.0794415416798357,2.252732865034478
f2e0062d-997e-43f4-94cb-0a3a957453c0,f2e0062d-997e-43f4-94cb-0a3a957453c0_seg_0,0,2025-11-05T16:20:54.074Z,2025-11-05T16:25:37.900Z,4.730433333333334,7,0,2,5,4,3,0.5,2,2.0794415416798357,1.7459656448788874
f2e0062d-997e-43f4-94cb-0a3a957453c0,f2e0062d-997e-43f4-94cb-0a3a957453c0_seg_1,1,2025-11-05T16:50:38.798Z,2025-11-05T16:51:07.635Z,0.48061666666666664,2,0,2,5,4,3,0.5,0,1.0986122886681098,0.3931338339465792
fd288b53-65f4-4af2-9113-24cc06c17a80,fd288b53-65f4-4af2-9113-24cc06c17a80_seg_0,0,2025-11-05T16:50:15.488Z,2025-11-05T17:02:32.936Z,12.290799999999999,11,0,2,5,4,3,0.5,14,2.4849066497880004,2.5871473037345476
48f572e8-0bae-4103-b964-bf336025e84f,48f572e8-0bae-4103-b964-bf336025e84f_seg_0,0,2025-11-05T20:04:55.406Z,2025-11-05T20:06:32.764Z,1.6226333333333334,8,0,2,5,4,3,0.5,9,2.1972245773362196,0.9645601255455323
f8f89b3e-3c8f-4134-b2ca-1f70cbfc392f,f8f89b3e-3c8f-4134-b2ca-1f70cbfc392f_seg_0,0,2025-11-05T17:33:40.765Z,2025-11-05T17:34:15.585Z,0.5803333333333334,2,0,2,5,4,3,0.5,0,1.0986122886681098,0.45826837302731466
0fad8f07-3b8f-4a5c-9626-ebeb3c24543a,0fad8f07-3b8f-4a5c-9626-ebeb3c24543a_seg_0,0,2025-11-05T20:55:23.524Z,2025-11-05T20:55:23.524Z,0.0,1,0,1,2,2,1,0.8,12,0.6931471805599453,0.0009995003330835331
54e8f4ce-A67F-46A3-40A9-081E3588C7AE,54e8f4ce-A67F-46A3-40A9-081E3588C7AE_seg_0,0,2025-11-05T16:46:10.801Z,2025-11-05T16:47:39.283Z,1.4747,4,0,2,5,4,3,0.5,11,1.6094379124341003,0.9065231843151027
e0e4b573-9ed6-4060-8b39-98567df7d760,e0e4b573-9ed6-4060-8b39-98567df7d760_seg_0,0,2025-11-05T22:35:17.409Z,2025-11-05T22:35:17.409Z,0.0,1,0,2,0,3,0,0.9,3,0.6931471805599453,0.0009995003330835331
963174e4-955f-4799-935b-33438d5bc132,963174e4-955f-4799-935b-33438d5bc132_seg_0,0,2025-11-05T23:18:02.810Z,2025-11-05T23:18:02.834Z,0.0004,2,0,2,5,4,3,0.5,0,1.0986122886681098,0.001399020913707341
a6f8dd26-a736-4d4d-8b6e-efb855e57c8a,a6f8dd26-a736-4d4d-8b6e-efb855e57c8a_seg_0,0,2025-11-05T14:48:37.341Z,2025-11-05T14:49:13.421Z,0.6013333333333333,2,0,2,5,4,3,0.5,0,1.0986122886681098,0.4714609002437139
f3c363dc-3277-4eaf-98e4-0a2528676a2d,f3c363dc-3277-4eaf-98e4-0a2528676a2d_seg_0,0,2025-11-05T18:51:18.330Z,2025-11-05T18:52:49.505Z,1.5195833333333333,4,0,2,5,4,3,0.5,11,1.6094379124341003,0.9244903562171091
fc04be19-935f-41f1-b22d-c07274fbd982,fc04be19-935f-41f1-b22d-c07274fbd982_seg_0,0,2025-11-05T17:23:18.810Z,2025-11-05T17:23:32.722Z,0.2318666666666667,2,0,2,5,4,3,0.5,0,1.0986122886681098,0.20934208100052948
fc04be19-935f-41f1-b22d-c07274fbd982,fc04be19-935f-41f1-b22d-c07274fbd982_seg_1,1,2025-11-06T01:28:45.832Z,2025-11-06T01:29:00.341Z,0.24181666666666668,2,0,2,5,4,3,0.5,0,1.0986122886681098,0.21738030902509844
dd24a3b4-67df-4ec1-8b84-231672ce5f24,dd24a3b4-67df-4ec1-8b84-231672ce5f24_seg_0,0,2025-11-05T17:51:04.888Z,2025-11-05T17:52:27.405Z,1.3752833333333332,4,0,2,5,4,3,0.5,11,1.6094379124341003,0.8655376424268313
b7b6f969-5133-433e-b041-a869508a4e15,b7b6f969-5133-433e-b041-a869508a4e15_seg_0,0,2025-11-05T23:19:21.962Z,2025-11-05T23:19:38.385Z,0.27371666666666666,2,0,2,5,4,3,0.5,0,1.0986122886681098,0.24272393169315062
dd093775-4c88-4c73-a5f0-842435c0f73e,dd093775-4c88-4c73-a5f0-842435c0f73e_seg_0,0,2025-11-05T20:43:35.598Z,2025-11-05T20:43:35.598Z,0.0,1,0,2,3,4,3,0.8,8,0.6931471805599453,0.0009995003330835331
dd093775-4c88-4c73-a5f0-842435c0f73e,dd093775-4c88-4c73-a5f0-842435c0f73e_seg_1,1,2025-11-05T21:32:15.486Z,2025-11-05T21:32:15.486Z,0.0,1,0,2,2,3,0,0.85,12,0.6931471805599453,0.0009995003330835331
55c5ed27-BA4F-4D87-EB98-E72F75167114,55c5ed27-BA4F-4D87-EB98-E72F75167114_seg_0,0,2025-11-05T20:47:27.979Z,2025-11-05T20:47:27.979Z,0.0,1,0,2,3,1,3,0.75,4,0.6931471805599453,0.0009995003330835331
holosession-1761833834625-182c2df,holosession-1761833834625-182c2df_seg_0,0,2025-11-05T15:02:02.027Z,2025-11-05T15:02:02.027Z,0.0,1,0,2,2,2,3,0.95,4,0.6931471805599453,0.0009995003330835331
ddd0062a-edf3-4f4b-a1bb-b52f9147fda7,ddd0062a-edf3-4f4b-a1bb-b52f9147fda7_seg_0,0,2025-11-05T16:16:00.764Z,2025-11-05T16:16:00.764Z,0.0,1,0,2,3,0,3,0.85,4,0.6931471805599453,0.0009995003330835331
04827119-1b9d-4586-a55a-201a4f4be259,04827119-1b9d-4586-a55a-201a4f4be259_seg_0,0,2025-11-05T21:27:30.105Z,2025-11-05T21:27:30.105Z,0.0,1,0,2,1,0,3,0.85,4,0.6931471805599453,0.0009995003330835331
500f01b6-ccff-4a84-8579-3b7ebb59b523,500f01b6-ccff-4a84-8579-3b7ebb59b523_seg_0,0,2025-11-05T15:40:58.975Z,2025-11-05T15:45:29.462Z,4.508116666666667,4,0,2,5,4,3,0.5,2,1.6094379124341003,1.706404295733515
878589d5-2964-420e-9b5c-29ec63efae86,878589d5-2964-420e-9b5c-29ec63efae86_seg_0,0,2025-11-05T15:54:56.532Z,2025-11-05T15:56:58.591Z,2.0343166666666668,9,0,2,5,4,3,0.5,9,2.302585092994046,1.110315757344275
2c61487a-eca0-4700-b86e-f76306443b9a,2c61487a-eca0-4700-b86e-f76306443b9a_seg_0,0,2025-11-05T19:24:38.859Z,2025-11-05T19:26:21.371Z,1.7085333333333332,5,0,2,5,4,3,0.5,11,1.791759469228055,0.9967764183411734
1f8deedd-7dd4-45e9-84d9-60cf66e0e32e,1f8deedd-7dd4-45e9-84d9-60cf66e0e32e_seg_0,0,2025-11-05T22:06:01.990Z,2025-11-05T22:06:01.990Z,0.0,1,0,2,0,1,0,0.85,3,0.6931471805599453,0.0009995003330835331
2b41e8b2-630f-4585-af53-7345f59d3795,2b41e8b2-630f-4585-af53-7345f59d3795_seg_0,0,2025-11-05T20:32:30.770Z,2025-11-05T20:37:49.780Z,5.316833333333333,6,0,2,5,4,3,0.5,2,1.9459101490553132,1.843376322375935
d443b5ab-e75f-4b83-8f6c-14b89c53a3a4,d443b5ab-e75f-4b83-8f6c-14b89c53a3a4_seg_0,0,2025-11-05T22:10:48.727Z,2025-11-05T22:11:11.472Z,0.3790833333333333,3,0,2,5,4,3,0.5,0,1.3862943611198906,0.3221438838193536
002f5060-fecf-49d5-b59d-4f498a6c9b8a,002f5060-fecf-49d5-b59d-4f498a6c9b8a_seg_0,0,2025-11-05T16:56:28.487Z,2025-11-05T16:56:28.487Z,0.0,1,0,2,1,1,0,0.75,3,0.6931471805599453,0.0009995003330835331
002f5060-fecf-49d5-b59d-4f498a6c9b8a,002f5060-fecf-49d5-b59d-4f498a6c9b8a_seg_1,1,2025-11-05T17:22:47.085Z,2025-11-05T17:22:47.085Z,0.0,1,2,1,2,1,0,0.9,6,0.6931471805599453,0.0009995003330835331
holosession-1762365805455-g7xn5pe,holosession-1762365805455-g7xn5pe_seg_0,0,2025-11-05T18:03:51.037Z,2025-11-05T18:06:20.400Z,2.4893833333333335,6,0,2,5,4,3,0.5,9,1.9459101490553132,1.2500115678139525
7a51e966-e366-4f6f-ba61-b2d3eec99138,7a51e966-e366-4f6f-ba61-b2d3eec99138_seg_0,0,2025-11-05T14:59:24.508Z,2025-11-05T15:00:00.209Z,0.5950166666666666,2,0,2,5,4,3,0.5,0,1.0986122886681098,0.4675109417466923
b62b53da-9adb-49df-881e-4114ecd8e9de,b62b53da-9adb-49df-881e-4114ecd8e9de_seg_0,0,2025-11-05T18:24:58.606Z,2025-11-05T18:25:58.565Z,0.9993166666666667,4,0,2,5,4,3,0.5,11,1.6094379124341003,0.6933055013598795
71aa52d9-66b4-4c08-a5a8-4d10afec8cd5,71aa52d9-66b4-4c08-a5a8-4d10afec8cd5_seg_0,0,2025-11-05T16:12:32.448Z,2025-11-05T16:16:49.764Z,4.2886,10,0,2,5,4,3,0.5,5,2.3978952727983707,1.665742628644568
220547d1-54c1-4d41-ba02-b1c57ed413b8,220547d1-54c1-4d41-ba02-b1c57ed413b8_seg_0,0,2025-11-05T09:34:58.843Z,2025-11-05T09:37:58.514Z,2.9945166666666667,7,0,2,5,4,3,0.5,9,2.0794415416798357,1.3851728991831265
220547d1-54c1-4d41-ba02-b1c57ed413b8,220547d1-54c1-4d41-ba02-b1c57ed413b8_seg_1,1,2025-11-05T15:05:30.599Z,2025-11-05T15:08:00.705Z,2.5017666666666667,6,0,2,5,4,3,0.5,9,1.9459101490553132,1.2535531324240865
ecc441ef-681f-48c6-98f4-5983dfccff2d,ecc441ef-681f-48c6-98f4-5983dfccff2d_seg_0,0,2025-11-05T16:40:59.960Z,2025-11-05T16:40:59.960Z,0.0,1,0,2,0,4,0,0.85,7,0.6931471805599453,0.0009995003330835331
55edd888-C934-40CD-CF1C-50FE5E23E5A5,55edd888-C934-40CD-CF1C-50FE5E23E5A5_seg_0,0,2025-11-05T21:30:58.494Z,2025-11-05T21:34:19.541Z,3.3507833333333332,7,0,2,5,4,3,0.5,9,2.0794415416798357,1.4705857227750847
55edd888-C934-40CD-CF1C-50FE5E23E5A5,55edd888-C934-40CD-CF1C-50FE5E23E5A5_seg_1,1,2025-11-06T02:29:57.422Z,2025-11-06T02:31:44.462Z,1.784,6,0,2,5,4,3,0.5,9,1.9459101490553132,1.0242478733792473
4a3de437-dc88-4b91-8ae2-9b90772c481c,4a3de437-dc88-4b91-8ae2-9b90772c481c_seg_0,0,2025-11-05T22:08:42.154Z,2025-11-05T22:08:42.154Z,0.0,1,0,2,4,1,3,0.85,4,0.6931471805599453,0.0009995003330835331
holosession-1762375020638-u9vf67i,holosession-1762375020638-u9vf67i_seg_0,0,2025-11-05T20:37:19.864Z,2025-11-05T20:37:19.864Z,0.0,1,0,2,1,1,0,0.9,3,0.6931471805599453,0.0009995003330835331
741fae6a-69e5-4971-bf70-9865726ba91f,741fae6a-69e5-4971-bf70-9865726ba91f_seg_0,0,2025-11-05T21:49:36.934Z,2025-11-05T21:49:36.934Z,0.0,1,0,2,0,1,0,0.85,3,0.6931471805599453,0.0009995003330835331
29b87d08-858d-4400-a9f1-3b83aad3c3f8,29b87d08-858d-4400-a9f1-3b83aad3c3f8_seg_0,0,2025-11-05T14:48:53.741Z,2025-11-05T14:49:30.054Z,0.6052166666666667,2,0,2,5,4,3,0.5,0,1.0986122886681098,0.4738815171762821
b99e1569-0d91-4e0e-b23c-f8dad9e91ae5,b99e1569-0d91-4e0e-b23c-f8dad9e91ae5_seg_0,0,2025-11-05T22:23:34.563Z,2025-11-05T22:23:34.563Z,0.0,1,0,2,2,4,0,0.9,7,0.6931471805599453,0.0009995003330835331
holosession-1762357981391-cihjinf,holosession-1762357981391-cihjinf_seg_0,0,2025-11-05T15:53:10.419Z,2025-11-05T15:53:20.920Z,0.17501666666666665,4,0,2,5,4,3,0.5,0,1.6094379124341003,0.16213302171160948
holosession-1762378376536-d3vt2cn,holosession-1762378376536-d3vt2cn_seg_0,0,2025-11-05T21:33:21.189Z,2025-11-05T21:33:21.189Z,0.0,1,1,2,2,1,0,0.85,1,0.6931471805599453,0.0009995003330835331
holosession-1762352434413-helhi0m,holosession-1762352434413-helhi0m_seg_0,0,2025-11-05T14:20:52.639Z,2025-11-05T14:20:52.639Z,0.0,1,0,2,2,4,0,0.9,7,0.6931471805599453,0.0009995003330835331
holosession-1762352434413-helhi0m,holosession-1762352434413-helhi0m_seg_1,1,2025-11-05T15:34:31.006Z,2025-11-05T15:34:31.006Z,0.0,1,0,2,2,4,0,0.9,7,0.6931471805599453,0.0009995003330835331
635567e6-a6fd-41d4-8c6f-908c7ddf6b80,635567e6-a6fd-41d4-8c6f-908c7ddf6b80_seg_0,0,2025-11-05T21:36:04.633Z,2025-11-05T21:36:04.633Z,0.0,1,0,2,0,1,0,0.85,3,0.6931471805599453,0.0009995003330835331
0baa5371-5f39-4ef3-b4d0-4ff97dbaae67,0baa5371-5f39-4ef3-b4d0-4ff97dbaae67_seg_0,0,2025-11-05T13:45:03.498Z,2025-11-05T13:45:03.498Z,0.0,1,0,2,3,4,3,0.9,8,0.6931471805599453,0.0009995003330835331
0baa5371-5f39-4ef3-b4d0-4ff97dbaae67,0baa5371-5f39-4ef3-b4d0-4ff97dbaae67_seg_1,1,2025-11-05T14:28:19.162Z,2025-11-05T14:28:19.162Z,0.0,1,0,1,3,4,3,0.85,8,0.6931471805599453,0.0009995003330835331
0baa5371-5f39-4ef3-b4d0-4ff97dbaae67,0baa5371-5f39-4ef3-b4d0-4ff97dbaae67_seg_2,2,2025-11-05T15:34:41.950Z,2025-11-05T15:34:41.950Z,0.0,1,0,1,2,4,3,0.85,8,0.6931471805599453,0.0009995003330835331
d10a9a60-e4ba-4df0-bdaa-da0ee2d66944,d10a9a60-e4ba-4df0-bdaa-da0ee2d66944_seg_0,0,2025-11-05T23:26:29.953Z,2025-11-05T23:26:29.953Z,0.0,1,0,2,2,3,0,0.9,12,0.6931471805599453,0.0009995003330835331
fafa3778-5858-4d53-b815-ddd51ff0d3e7,fafa3778-5858-4d53-b815-ddd51ff0d3e7_seg_0,0,2025-11-05T21:56:55.397Z,2025-11-05T22:00:17.762Z,3.3727500000000004,5,0,2,5,4,3,0.5,2,1.791759469228055,1.4756207646997608
340b820a-6193-4346-aa9c-7d688f5320d1,340b820a-6193-4346-aa9c-7d688f5320d1_seg_0,0,2025-11-05T20:26:48.210Z,2025-11-05T20:26:48.224Z,0.00023333333333333333,2,0,2,5,4,3,0.5,0,1.0986122886681098,0.0012325734025455822
holosession-1762352364177-gt6fjj6,holosession-1762352364177-gt6fjj6_seg_0,0,2025-11-05T14:20:12.504Z,2025-11-05T14:20:47.892Z,0.5898,2,0,2,5,4,3,0.5,0,1.0986122886681098,0.4642370343513985
holosession-1762352364177-gt6fjj6,holosession-1762352364177-gt6fjj6_seg_1,1,2025-11-05T15:34:16.058Z,2025-11-05T15:34:16.058Z,0.0,1,0,1,2,3,1,0.85,12,0.6931471805599453,0.0009995003330835331
ee329aab-3731-4535-8193-b168f41faaa3,ee329aab-3731-4535-8193-b168f41faaa3_seg_0,0,2025-11-05T18:54:19.042Z,2025-11-05T18:54:19.042Z,0.0,1,0,2,0,2,0,0.85,3,0.6931471805599453,0.0009995003330835331
1555aa5f-5d67-44f3-9eab-1509fa0cf664,1555aa5f-5d67-44f3-9eab-1509fa0cf664_seg_0,0,2025-11-05T23:25:26.024Z,2025-11-05T23:26:49.521Z,1.3916166666666667,3,0,2,5,4,3,0.5,11,1.3862943611198906,0.872387606653111
dd537440-0265-4a64-8b89-af50837f8ecf,dd537440-0265-4a64-8b89-af50837f8ecf_seg_0,0,2025-11-05T14:34:33.140Z,2025-11-05T14:36:31.013Z,1.96455,8,0,2,5,4,3,0.5,9,2.1972245773362196,1.0870625127176494
48e344ac-5186-46e9-9a20-8ffa8f544871,48e344ac-5186-46e9-9a20-8ffa8f544871_seg_0,0,2025-11-05T14:08:20.768Z,2025-11-05T14:19:19.091Z,10.97205,7,0,2,5,4,3,0.5,2,2.0794415416798357,2.4826582907887946
5941bba1-c203-4007-acce-41c92e279419,5941bba1-c203-4007-acce-41c92e279419_seg_0,0,2025-11-05T08:35:56.621Z,2025-11-05T08:41:26.412Z,5.4965166666666665,26,0,2,5,4,3,0.5,5,3.295836866004329,1.8714200526193554
cffa2bc9-6278-49e8-bdf6-0b0c9517f6fa,cffa2bc9-6278-49e8-bdf6-0b0c9517f6fa_seg_0,0,2025-11-05T14:04:42.957Z,2025-11-05T14:04:42.957Z,0.0,1,1,2,5,3,0,0.9,1,0.6931471805599453,0.0009995003330835331
holosession-1762337439743-x16khm7,holosession-1762337439743-x16khm7_seg_0,0,2025-11-05T10:11:01.273Z,2025-11-05T10:13:24.100Z,2.38045,6,0,2,5,4,3,0.5,9,1.9459101490553132,1.2183046115861145
e6aba888-9ccc-41e9-92e5-1ab4a5605356,e6aba888-9ccc-41e9-92e5-1ab4a5605356_seg_0,0,2025-11-05T08:18:07.416Z,2025-11-05T08:19:24.060Z,1.2774,7,0,2,5,4,3,0.5,9,2.0794415416798357,0.8234734422355195
fa06e03f-a258-436f-b4d6-37d37f96e48f,fa06e03f-a258-436f-b4d6-37d37f96e48f_seg_0,0,2025-11-05T09:32:12.680Z,2025-11-05T09:32:23.514Z,0.18056666666666665,2,0,2,5,4,3,0.5,0,1.0986122886681098,0.16684124150084675
90075bc4-7d98-4f83-96d6-c70eba5ad67b,90075bc4-7d98-4f83-96d6-c70eba5ad67b_seg_0,0,2025-11-05T11:28:40.237Z,2025-11-05T11:38:02.827Z,9.3765,6,0,2,5,4,3,0.5,2,1.9459101490553132,2.3396400009450566
holosession-1762112462220-ug1zfu9,holosession-1762112462220-ug1zfu9_seg_0,0,2025-11-05T08:06:40.325Z,2025-11-05T08:06:40.325Z,0.0,1,0,2,2,3,0,0.9,12,0.6931471805599453,0.0009995003330835331
holosession-1762352440696-grsg076,holosession-1762352440696-grsg076_seg_0,0,2025-11-05T14:26:35.555Z,2025-11-05T14:41:01.766Z,14.43685,20,0,2,5,4,3,0.5,14,3.044522437723423,2.7368222861959657
holosession-1762349047615-od4xk69,holosession-1762349047615-od4xk69_seg_0,0,2025-11-05T13:24:51.228Z,2025-11-05T13:33:51.637Z,9.006816666666667,9,0,2,5,4,3,0.5,2,2.302585092994046,2.3033664543184305
c94e80d7-fa16-4f2f-8a6a-a337f707f457,c94e80d7-fa16-4f2f-8a6a-a337f707f457_seg_0,0,2025-11-05T08:08:42.625Z,2025-11-05T08:18:13.701Z,9.517933333333334,29,0,2,5,4,3,0.5,14,3.4011973816621555,2.353176807998992
holosession-1762334489125-0r03gcd,holosession-1762334489125-0r03gcd_seg_0,0,2025-11-05T09:25:20.699Z,2025-11-05T09:34:24.563Z,9.064400000000001,15,0,2,5,4,3,0.5,14,2.772588722239781,2.309103799981161
holosession-1762334489125-0r03gcd,holosession-1762334489125-0r03gcd_seg_1,1,2025-11-05T09:47:48.436Z,2025-11-05T09:47:48.436Z,0.0,1,0,2,3,4,3,0.85,8,0.6931471805599453,0.0009995003330835331
5d37278b-3161-4185-977e-7b47057a3eef,5d37278b-3161-4185-977e-7b47057a3eef_seg_0,0,2025-11-05T11:39:45.959Z,2025-11-05T11:40:35.056Z,0.8182833333333334,5,0,2,5,4,3,0.5,11,1.791759469228055,0.5984426506460268
77c67f9b-184a-4497-bf81-df5c0d220c1f,77c67f9b-184a-4497-bf81-df5c0d220c1f_seg_0,0,2025-11-05T08:04:23.283Z,2025-11-05T08:04:23.283Z,0.0,1,0,2,1,4,3,0.75,8,0.6931471805599453,0.0009995003330835331
29a6c75f-fa0d-46f2-a6af-575c2a843a89,29a6c75f-fa0d-46f2-a6af-575c2a843a89_seg_0,0,2025-11-05T10:13:38.156Z,2025-11-05T10:17:08.616Z,3.5076666666666667,14,0,2,5,4,3,0.5,5,2.70805020110221,1.5060014704846385
92015117-82ae-413b-a722-2c5a663a6f2d,92015117-82ae-413b-a722-2c5a663a6f2d_seg_0,0,2025-11-05T10:19:53.031Z,2025-11-05T10:20:54.603Z,1.0262,3,0,2,5,4,3,0.5,11,1.3862943611198906,0.7066555305847375
346de937-ccde-4451-a78d-fee80710bbc2,346de937-ccde-4451-a78d-fee80710bbc2_seg_0,0,2025-11-05T09:09:10.789Z,2025-11-05T09:12:03.335Z,2.8757666666666664,9,0,2,5,4,3,0.5,9,2.302585092994046,1.3550014728866044
7c77d083-0e09-46ff-b61a-9a7222e98caa,7c77d083-0e09-46ff-b61a-9a7222e98caa_seg_0,0,2025-11-05T12:24:24.827Z,2025-11-05T12:26:24.981Z,2.0025666666666666,5,0,2,5,4,3,0.5,9,1.791759469228055,1.099800471388252
fdc40b30-ae59-42d0-9a51-81ac7cc7d4e9,fdc40b30-ae59-42d0-9a51-81ac7cc7d4e9_seg_0,0,2025-11-05T09:44:16.847Z,2025-11-05T09:44:29.039Z,0.2032,2,0,2,5,4,3,0.5,0,1.0986122886681098,0.1858154460482104
fdc40b30-ae59-42d0-9a51-81ac7cc7d4e9,fdc40b30-ae59-42d0-9a51-81ac7cc7d4e9_seg_1,1,2025-11-05T10:05:22.423Z,2025-11-05T10:06:48.617Z,1.4365666666666668,4,0,2,5,4,3,0.5,11,1.6094379124341003,0.8910002739431995
e34279d3-cd12-413b-82d7-d6256a30bb88,e34279d3-cd12-413b-82d7-d6256a30bb88_seg_0,0,2025-11-05T14:06:18.054Z,2025-11-05T14:07:53.319Z,1.58775,4,0,2,5,4,3,0.5,11,1.6094379124341003,0.9511751337276568
2bac7a74-7d01-415d-a65e-4e86880f60f0,2bac7a74-7d01-415d-a65e-4e86880f60f0_seg_0,0,2025-11-05T10:36:29.957Z,2025-11-05T10:39:38.457Z,3.1416666666666666,3,0,2,5,4,3,0.5,11,1.3862943611198906,1.4213397028626913
ae4ac37e-676c-47a6-ba3b-d5dbe101536b,ae4ac37e-676c-47a6-ba3b-d5dbe101536b_seg_0,0,2025-11-05T09:56:30.091Z,2025-11-05T09:59:16.816Z,2.77875,11,0,2,5,4,3,0.5,9,2.4849066497880004,1.3296578698781736
holosession-1762334276474-k2mpe80,holosession-1762334276474-k2mpe80_seg_0,0,2025-11-05T09:18:18.523Z,2025-11-05T09:18:18.573Z,0.0008333333333333334,2,0,2,5,4,3,0.5,0,1.0986122886681098,0.0018316548289699925
2235e592-16f5-4099-97d1-c881d9d3032e,2235e592-16f5-4099-97d1-c881d9d3032e_seg_0,0,2025-11-05T14:21:15.583Z,2025-11-05T14:22:53.333Z,1.6291666666666667,5,0,2,5,4,3,0.5,11,1.791759469228055,0.9670472155379406
e9010401-54cb-4e82-b4f0-28b9aecc4f05,e9010401-54cb-4e82-b4f0-28b9aecc4f05_seg_0,0,2025-11-05T13:26:02.429Z,2025-11-05T13:26:02.429Z,0.0,1,0,1,3,2,1,0.65,12,0.6931471805599453,0.0009995003330835331
holosession-1762329936547-h8kk4zo,holosession-1762329936547-h8kk4zo_seg_0,0,2025-11-05T08:05:52.614Z,2025-11-05T08:06:29.187Z,0.60955,2,0,2,5,4,3,0.5,0,1.0986122886681098,0.47657573556611715
holosession-1762329936547-h8kk4zo,holosession-1762329936547-h8kk4zo_seg_1,1,2025-11-05T08:18:10.628Z,2025-11-05T08:18:34.541Z,0.39855,2,0,2,5,4,3,0.5,0,1.0986122886681098,0.3361507563805488
e6e6f639-fa17-4dee-8ad0-48171fcc49fe,e6e6f639-fa17-4dee-8ad0-48171fcc49fe_seg_0,0,2025-11-05T12:18:31.539Z,2025-11-05T12:19:06.648Z,0.5851500000000001,4,0,2,5,4,3,0.5,11,1.6094379124341003,0.46130969629407537
27542ec7-c9dd-4381-8085-4c55c82b110f,27542ec7-c9dd-4381-8085-4c55c82b110f_seg_0,0,2025-11-05T10:10:44.987Z,2025-11-05T10:11:35.787Z,0.8466666666666666,3,0,2,5,4,3,0.5,11,1.3862943611198906,0.6139235817695579
c78f6b27-fe41-41e9-95a8-fd27cc51044b,c78f6b27-fe41-41e9-95a8-fd27cc51044b_seg_0,0,2025-11-05T11:51:19.446Z,2025-11-05T11:52:04.769Z,0.7553833333333333,3,0,2,5,4,3,0.5,11,1.3862943611198906,0.5632567705538977
431048db-e4e2-486f-a663-1a2b2956f1f6,431048db-e4e2-486f-a663-1a2b2956f1f6_seg_0,0,2025-11-05T12:21:14.660Z,2025-11-05T12:21:14.660Z,0.0,1,0,2,2,1,3,0.95,4,0.6931471805599453,0.0009995003330835331
404eb81a-734a-4fc2-998b-1b1c71c36aeb,404eb81a-734a-4fc2-998b-1b1c71c36aeb_seg_0,0,2025-11-05T09:38:06.818Z,2025-11-05T09:40:58.036Z,2.8536333333333332,3,0,2,5,4,3,0.5,11,1.3862943611198906,1.3492758879217925
2ac375a2-e204-4d74-8091-1cf0a5003019,2ac375a2-e204-4d74-8091-1cf0a5003019_seg_0,0,2025-11-05T10:51:58.958Z,2025-11-05T10:51:58.958Z,0.0,1,1,1,2,3,1,0.95,1,0.6931471805599453,0.0009995003330835331
2ac375a2-e204-4d74-8091-1cf0a5003019,2ac375a2-e204-4d74-8091-1cf0a5003019_seg_1,1,2025-11-05T17:17:58.454Z,2025-11-05T17:18:14.723Z,0.27114999999999995,2,0,2,5,4,3,0.5,0,1.0986122886681098,0.24070838249368165
e78de406-18bd-4d30-b0a0-0bef6ae15e64,e78de406-18bd-4d30-b0a0-0bef6ae15e64_seg_0,0,2025-11-05T12:49:19.632Z,2025-11-05T12:49:48.206Z,0.47623333333333334,2,0,2,5,4,3,0.5,0,1.0986122886681098,0.3901709689551474
536b44a0-87c5-427a-9e8c-0933fa55ee7f,536b44a0-87c5-427a-9e8c-0933fa55ee7f_seg_0,0,2025-11-05T08:16:03.426Z,2025-11-05T08:19:41.343Z,3.6319500000000002,5,0,2,5,4,3,0.5,2,1.791759469228055,1.533193814232956
4a1a4f63-d76f-4f2f-b224-30bcaf28c9b9,4a1a4f63-d76f-4f2f-b224-30bcaf28c9b9_seg_0,0,2025-11-05T09:03:55.464Z,2025-11-05T09:03:55.464Z,0.0,1,0,2,3,4,3,0.75,8,0.6931471805599453,0.0009995003330835331
1bc67f2f-f5ce-4cd7-aa30-1359a5ca4837,1bc67f2f-f5ce-4cd7-aa30-1359a5ca4837_seg_0,0,2025-11-05T14:36:15.777Z,2025-11-05T14:36:15.777Z,0.0,1,0,2,2,3,0,0.85,12,0.6931471805599453,0.0009995003330835331
holosession-1762331287416-deumco8,holosession-1762331287416-deumco8_seg_0,0,2025-11-05T08:28:26.683Z,2025-11-05T08:31:32.500Z,3.09695,3,0,2,5,4,3,0.5,11,1.3862943611198906,1.4104868486685798
86e54f5d-6ee7-4927-8045-89ab71d64aaf,86e54f5d-6ee7-4927-8045-89ab71d64aaf_seg_0,0,2025-11-05T11:30:37.645Z,2025-11-05T11:31:14.731Z,0.6181,2,0,2,5,4,3,0.5,0,1.0986122886681098,0.4818704393105697
3684a812-0c28-4350-b062-c3ceb85a84a1,3684a812-0c28-4350-b062-c3ceb85a84a1_seg_0,0,2025-11-05T12:01:15.972Z,2025-11-05T12:01:15.972Z,0.0,1,1,1,1,1,3,0.85,10,0.6931471805599453,0.0009995003330835331
4365173c-6a64-4c91-ac68-9d9188a2bfaa,4365173c-6a64-4c91-ac68-9d9188a2bfaa_seg_0,0,2025-11-05T12:50:23.710Z,2025-11-05T12:50:24.040Z,0.0055000000000000005,2,0,2,5,4,3,0.5,0,1.0986122886681098,0.006478966097709123
4365173c-6a64-4c91-ac68-9d9188a2bfaa,4365173c-6a64-4c91-ac68-9d9188a2bfaa_seg_1,1,2025-11-05T13:19:07.266Z,2025-11-05T13:19:07.266Z,0.0,1,2,2,2,1,3,0.9,10,0.6931471805599453,0.0009995003330835331
46c27cc8-531a-48e0-b33b-dff1f8d268d0,46c27cc8-531a-48e0-b33b-dff1f8d268d0_seg_0,0,2025-11-05T14:30:46.167Z,2025-11-05T14:30:46.167Z,0.0,1,2,2,2,1,0,0.95,6,0.6931471805599453,0.0009995003330835331
8eb12260-e06d-430f-ae50-d664416576ab,8eb12260-e06d-430f-ae50-d664416576ab_seg_0,0,2025-11-05T12:24:23.187Z,2025-11-05T12:24:58.563Z,0.5896,2,0,2,5,4,3,0.5,0,1.0986122886681098,0.4641113035408978
b9cd5012-b0ed-4fc7-a8ba-bdd404fe59a0,b9cd5012-b0ed-4fc7-a8ba-bdd404fe59a0_seg_0,0,2025-11-05T14:13:38.143Z,2025-11-05T14:15:13.085Z,1.5823666666666665,4,0,2,5,4,3,0.5,11,1.6094379124341003,0.9490934578397063
1cd1695f-cafe-44f3-ae0d-b778c9ff08b9,1cd1695f-cafe-44f3-ae0d-b778c9ff08b9_seg_0,0,2025-11-05T13:07:03.845Z,2025-11-05T13:07:03.845Z,0.0,1,2,2,0,1,0,0.9,6,0.6931471805599453,0.0009995003330835331
0f95b94f-b91f-4907-b7e2-29b2f862c241,0f95b94f-b91f-4907-b7e2-29b2f862c241_seg_0,0,2025-11-05T13:54:53.236Z,2025-11-05T13:54:53.236Z,0.0,1,0,1,2,4,1,0.85,7,0.6931471805599453,0.0009995003330835331
17ea3d41-6892-4abc-901d-39ed914daf95,17ea3d41-6892-4abc-901d-39ed914daf95_seg_0,0,2025-11-05T09:48:32.401Z,2025-11-05T09:50:31.779Z,1.9896333333333334,3,0,2,5,4,3,0.5,11,1.3862943611198906,1.095485182140845
bcdd9375-5226-46a1-9773-044b8b34e600,bcdd9375-5226-46a1-9773-044b8b34e600_seg_0,0,2025-11-05T09:08:23.673Z,2025-11-05T09:08:23.673Z,0.0,1,0,2,5,2,0,0.9,12,0.6931471805599453,0.0009995003330835331
bcdd9375-5226-46a1-9773-044b8b34e600,bcdd9375-5226-46a1-9773-044b8b34e600_seg_1,1,2025-11-05T17:02:48.247Z,2025-11-05T17:02:48.247Z,0.0,1,0,2,0,4,0,0.95,7,0.6931471805599453,0.0009995003330835331
holosession-1762331652826-bv17qvf,holosession-1762331652826-bv17qvf_seg_0,0,2025-11-05T08:34:29.009Z,2025-11-05T08:38:48.058Z,4.317483333333333,3,0,2,5,4,3,0.5,2,1.3862943611198906,1.6711881749890256
9dc01fb6-09b6-4e5f-b146-2a5bbf5b36c7,9dc01fb6-09b6-4e5f-b146-2a5bbf5b36c7_seg_0,0,2025-11-05T09:55:09.547Z,2025-11-05T09:55:09.547Z,0.0,1,0,2,2,4,0,0.75,7,0.6931471805599453,0.0009995003330835331
3fa7f804-dd23-4a59-b5cd-9355e863dff0,3fa7f804-dd23-4a59-b5cd-9355e863dff0_seg_0,0,2025-11-05T08:46:40.657Z,2025-11-05T08:48:13.882Z,1.55375,7,0,2,5,4,3,0.5,9,2.0794415416798357,0.9379543715101814
f3c8802b-1228-4fdc-a496-1b6c11bcfd43,f3c8802b-1228-4fdc-a496-1b6c11bcfd43_seg_0,0,2025-11-05T11:39:20.573Z,2025-11-05T11:39:20.573Z,0.0,1,0,2,3,4,1,0.75,7,0.6931471805599453,0.0009995003330835331
f65d56bb-86ae-4ad7-90ba-33c481f4b7cb,f65d56bb-86ae-4ad7-90ba-33c481f4b7cb_seg_0,0,2025-11-05T13:38:08.522Z,2025-11-05T13:38:08.522Z,0.0,1,0,1,2,4,1,0.75,7,0.6931471805599453,0.0009995003330835331
369a5855-9db2-4c25-8383-c1b3b157694d,369a5855-9db2-4c25-8383-c1b3b157694d_seg_0,0,2025-11-05T14:37:28.975Z,2025-11-05T14:37:28.975Z,0.0,1,2,2,2,3,0,0.95,13,0.6931471805599453,0.0009995003330835331
ef9ab564-c4bb-4b4a-93f7-06d14a64c9c9,ef9ab564-c4bb-4b4a-93f7-06d14a64c9c9_seg_0,0,2025-11-05T11:41:19.916Z,2025-11-05T11:41:19.916Z,0.0,1,1,2,0,1,0,0.9,3,0.6931471805599453,0.0009995003330835331
02afb351-e7d3-4bf6-bf22-cc8c26f00c77,02afb351-e7d3-4bf6-bf22-cc8c26f00c77_seg_0,0,2025-11-05T14:31:54.137Z,2025-11-05T14:31:54.137Z,0.0,1,2,2,0,1,0,0.9,6,0.6931471805599453,0.0009995003330835331
4f456fcf-103d-4962-b822-8d5e6730ebd7,4f456fcf-103d-4962-b822-8d5e6730ebd7_seg_0,0,2025-11-05T10:00:50.266Z,2025-11-05T10:01:25.722Z,0.5909333333333334,2,0,2,5,4,3,0.5,0,1.0986122886681098,0.46494921049846405
7d67946b-26e8-4115-bbec-2e54001df3a7,7d67946b-26e8-4115-bbec-2e54001df3a7_seg_0,0,2025-11-05T10:51:53.961Z,2025-11-05T10:51:53.961Z,0.0,1,0,2,5,4,3,0.5,0,0.6931471805599453,0.0009995003330835331
7d67946b-26e8-4115-bbec-2e54001df3a7,7d67946b-26e8-4115-bbec-2e54001df3a7_seg_1,1,2025-11-05T13:04:06.795Z,2025-11-05T13:04:06.795Z,0.0,1,1,2,2,0,3,0.8,10,0.6931471805599453,0.0009995003330835331
85cf059e-b136-4642-8207-65d0e7441cfd,85cf059e-b136-4642-8207-65d0e7441cfd_seg_0,0,2025-11-05T12:28:01.427Z,2025-11-05T12:28:01.427Z,0.0,1,1,1,3,4,1,0.85,1,0.6931471805599453,0.0009995003330835331
ba4f3b72-bfca-491c-96a7-95d7f9fddc5e,ba4f3b72-bfca-491c-96a7-95d7f9fddc5e_seg_0,0,2025-11-05T08:35:37.424Z,2025-11-05T08:35:37.424Z,0.0,1,0,2,0,2,0,0.9,3,0.6931471805599453,0.0009995003330835331
holosession-1762353137556-y7lnfix,holosession-1762353137556-y7lnfix_seg_0,0,2025-11-05T14:32:34.037Z,2025-11-05T14:32:34.037Z,0.0,1,2,2,2,1,0,0.9,6,0.6931471805599453,0.0009995003330835331
00ffbfd3-84d2-42e3-b8a1-7c7e273613ed,00ffbfd3-84d2-42e3-b8a1-7c7e273613ed_seg_0,0,2025-11-05T10:32:14.410Z,2025-11-05T10:32:14.410Z,0.0,1,2,2,0,0,0,0.95,6,0.6931471805599453,0.0009995003330835331
b7455247-7f97-4561-abff-f834b1828553,b7455247-7f97-4561-abff-f834b1828553_seg_0,0,2025-11-05T09:15:39.662Z,2025-11-05T09:15:39.662Z,0.0,1,0,1,2,2,1,0.8,12,0.6931471805599453,0.0009995003330835331
holosession-1762338954977-5ck2fm5,holosession-1762338954977-5ck2fm5_seg_0,0,2025-11-05T10:36:11.260Z,2025-11-05T10:36:11.260Z,0.0,1,0,2,0,1,0,0.9,3,0.6931471805599453,0.0009995003330835331
holosession-1762333693339-3ole1qv,holosession-1762333693339-3ole1qv_seg_0,0,2025-11-05T09:08:29.665Z,2025-11-05T09:08:29.665Z,0.0,1,0,2,5,4,3,0.5,0,0.6931471805599453,0.0009995003330835331
88829899-d4ed-4c00-b829-99ac031baced,88829899-d4ed-4c00-b829-99ac031baced_seg_0,0,2025-11-05T13:52:28.406Z,2025-11-05T13:52:28.406Z,0.0,1,0,2,3,4,3,0.9,8,0.6931471805599453,0.0009995003330835331
23733420-d707-4ca1-a6e1-d023469d42c1,23733420-d707-4ca1-a6e1-d023469d42c1_seg_0,0,2025-11-05T08:23:26.395Z,2025-11-05T08:23:26.395Z,0.0,1,0,1,2,4,1,0.5,7,0.6931471805599453,0.0009995003330835331
1c702fff-8298-45ff-95ca-8ed1c8d6c78b,1c702fff-8298-45ff-95ca-8ed1c8d6c78b_seg_0,0,2025-11-05T23:04:58.902Z,2025-11-05T23:05:34.435Z,0.5922166666666667,2,0,2,5,4,3,0.5,0,1.0986122886681098,0.465755033397089
629207b8-dde2-44ef-b5d9-4e1651157a5f,629207b8-dde2-44ef-b5d9-4e1651157a5f_seg_0,0,2025-11-05T23:37:55.912Z,2025-11-05T23:37:55.912Z,0.0,1,1,2,1,1,0,0.85,1,0.6931471805599453,0.0009995003330835331
holosession-1762368222647-6jgygvt,holosession-1762368222647-6jgygvt_seg_0,0,2025-11-05T18:44:33.875Z,2025-11-05T18:46:38.613Z,2.0789666666666666,4,0,2,5,4,3,0.5,11,1.6094379124341003,1.1249187744160967
e8b377a2-78dc-43a5-958c-f514aba2ae68,e8b377a2-78dc-43a5-958c-f514aba2ae68_seg_0,0,2025-11-05T23:24:28.492Z,2025-11-05T23:24:28.492Z,0.0,1,2,2,2,1,0,0.9,6,0.6931471805599453,0.0009995003330835331
55184d1a-D65F-489E-7B38-D084957C2303,55184d1a-D65F-489E-7B38-D084957C2303_seg_0,0,2025-11-05T17:38:12.275Z,2025-11-05T17:38:12.275Z,0.0,1,0,2,2,0,0,0.95,3,0.6931471805599453,0.0009995003330835331
2716c1ec-c0b2-47e0-bc32-c0b3f5f7d760,2716c1ec-c0b2-47e0-bc32-c0b3f5f7d760_seg_0,0,2025-11-05T16:17:06.498Z,2025-11-05T16:17:06.498Z,0.0,1,0,2,1,4,0,0.9,7,0.6931471805599453,0.0009995003330835331
926a6b97-8d37-499a-99a7-df8df5fc434a,926a6b97-8d37-499a-99a7-df8df5fc434a_seg_0,0,2025-11-05T23:07:41.217Z,2025-11-05T23:07:54.393Z,0.2196,2,0,2,5,4,3,0.5,0,1.0986122886681098,0.19934254112825753
3bd44c8b-5897-4755-a467-30a13bbe7ec0,3bd44c8b-5897-4755-a467-30a13bbe7ec0_seg_0,0,2025-11-05T19:53:20.287Z,2025-11-05T19:53:20.287Z,0.0,1,0,2,2,1,0,0.9,3,0.6931471805599453,0.0009995003330835331
5c9aad42-7682-4732-b4ea-8503b6703707,5c9aad42-7682-4732-b4ea-8503b6703707_seg_0,0,2025-11-05T15:48:54.951Z,2025-11-05T15:49:22.593Z,0.4607,2,0,2,5,4,3,0.5,0,1.0986122886681098,0.37960014191311
c3321bf4-485e-4fc0-8420-db3f51534a36,c3321bf4-485e-4fc0-8420-db3f51534a36_seg_0,0,2025-11-05T15:12:40.518Z,2025-11-05T15:12:40.518Z,0.0,1,0,2,0,2,0,0.65,3,0.6931471805599453,0.0009995003330835331
cf79d987-eed0-4d81-b5b9-eac2cd1807a9,cf79d987-eed0-4d81-b5b9-eac2cd1807a9_seg_0,0,2025-11-05T20:37:49.126Z,2025-11-05T20:37:49.126Z,0.0,1,0,2,3,4,3,0.75,8,0.6931471805599453,0.0009995003330835331
502460a2-09ff-4a7e-9995-ad55465d1a08,502460a2-09ff-4a7e-9995-ad55465d1a08_seg_0,0,2025-11-05T18:51:30.140Z,2025-11-05T18:51:30.140Z,0.0,1,1,1,3,3,1,0.8,1,0.6931471805599453,0.0009995003330835331
holosession-1762379887371-b9qclw3,holosession-1762379887371-b9qclw3_seg_0,0,2025-11-05T21:58:22.568Z,2025-11-05T21:58:51.452Z,0.4814,2,0,2,5,4,3,0.5,0,1.0986122886681098,0.393662395989013
34688c4b-fe6f-4094-887e-ba2165afa448,34688c4b-fe6f-4094-887e-ba2165afa448_seg_0,0,2025-11-05T20:20:48.284Z,2025-11-05T20:20:48.284Z,0.0,1,0,1,2,4,1,0.75,7,0.6931471805599453,0.0009995003330835331
213566e6-221e-42d9-a9e8-5f9c21b549fd,213566e6-221e-42d9-a9e8-5f9c21b549fd_seg_0,0,2025-11-05T22:23:25.186Z,2025-11-05T22:23:25.186Z,0.0,1,0,2,5,4,3,0.5,0,0.6931471805599453,0.0009995003330835331
240a5dcb-dc10-47a4-b536-58b455ef7a4a,240a5dcb-dc10-47a4-b536-58b455ef7a4a_seg_0,0,2025-11-06T00:38:50.008Z,2025-11-06T00:45:50.348Z,7.0056666666666665,19,0,2,5,4,3,0.5,5,2.995732273553991,2.080274527983728
79ff4a0c-c36a-43c5-96db-6771c338d9fe,79ff4a0c-c36a-43c5-96db-6771c338d9fe_seg_0,0,2025-11-06T01:49:00.440Z,2025-11-06T01:51:23.660Z,2.387,8,0,2,5,4,3,0.5,9,2.1972245773362196,1.2202397767898079
f230fcef-bc29-40f6-9cca-3013635d50c2,f230fcef-bc29-40f6-9cca-3013635d50c2_seg_0,0,2025-11-06T02:18:18.848Z,2025-11-06T02:24:24.318Z,6.091166666666667,10,0,2,5,4,3,0.5,5,2.3978952727983707,1.9589908885938438
c1810c20-0604-4315-ba45-2ef36af07120,c1810c20-0604-4315-ba45-2ef36af07120_seg_0,0,2025-11-06T03:19:49.508Z,2025-11-06T03:33:58.522Z,14.150233333333334,31,0,2,5,4,3,0.5,14,3.4657359027997265,2.7180819367827294
70f9b0b4-5031-4d2e-954d-30777c42c8e5,70f9b0b4-5031-4d2e-954d-30777c42c8e5_seg_0,0,2025-11-06T01:36:02.272Z,2025-11-06T01:47:57.489Z,11.920283333333334,18,0,2,5,4,3,0.5,14,2.9444389791664403,2.5588758226270034
700f83d0-5597-46d9-9e00-26afc3ee054d,700f83d0-5597-46d9-9e00-26afc3ee054d_seg_0,0,2025-11-06T06:01:50.409Z,2025-11-06T06:03:17.691Z,1.4546999999999999,4,0,2,5,4,3,0.5,11,1.6094379124341003,0.8984118529868634
dca2006a-0524-48b5-9242-ece80f2a9074,dca2006a-0524-48b5-9242-ece80f2a9074_seg_0,0,2025-11-06T01:47:11.985Z,2025-11-06T01:47:11.985Z,0.0,1,0,2,1,1,3,0.9,4,0.6931471805599453,0.0009995003330835331
9487b52a-912c-4c27-b74a-56ba1144e806,9487b52a-912c-4c27-b74a-56ba1144e806_seg_0,0,2025-11-06T03:52:12.443Z,2025-11-06T03:55:48.732Z,3.6048166666666663,7,0,2,5,4,3,0.5,9,2.0794415416798357,1.527319997451022
e84b48c1-8a68-4891-a166-086356cdb2ec,e84b48c1-8a68-4891-a166-086356cdb2ec_seg_0,0,2025-11-06T03:20:02.641Z,2025-11-06T03:21:14.764Z,1.20205,7,0,2,5,4,3,0.5,9,2.0794415416798357,0.7898427638858441
bc6b67d0-c27f-4e3f-a965-a4983a9fb5bf,bc6b67d0-c27f-4e3f-a965-a4983a9fb5bf_seg_0,0,2025-11-06T01:38:26.281Z,2025-11-06T01:39:26.962Z,1.01135,3,0,2,5,4,3,0.5,11,1.3862943611198906,0.699303193371282
30A402EF-3b90-4123-a0af-926f65097b34,30A402EF-3b90-4123-a0af-926f65097b34_seg_0,0,2025-11-06T00:00:54.612Z,2025-11-06T00:02:40.553Z,1.7656833333333333,11,0,2,5,4,3,0.5,9,2.4849066497880004,1.0176492502126833
791af217-3905-4cba-b368-debda7522a5d,791af217-3905-4cba-b368-debda7522a5d_seg_0,0,2025-11-06T02:08:30.798Z,2025-11-06T02:13:08.858Z,4.634333333333333,25,0,2,5,4,3,0.5,5,3.258096538021482,1.7290562998386263
3c7393ee-ded0-4531-8708-01ed8a9f61b8,3c7393ee-ded0-4531-8708-01ed8a9f61b8_seg_0,0,2025-11-06T03:07:12.858Z,2025-11-06T03:08:35.573Z,1.3785833333333335,8,0,2,5,4,3,0.5,9,2.1972245773362196,0.866925402328826
b6e9d2e9-335a-467a-82cd-23b3008dd104,b6e9d2e9-335a-467a-82cd-23b3008dd104_seg_0,0,2025-11-06T05:16:29.364Z,2025-11-06T05:19:00.761Z,2.523283333333333,7,0,2,5,4,3,0.5,9,2.0794415416798357,1.2596771059013432
32fe3b83-bf69-4ed7-befa-9355fe3ff261,32fe3b83-bf69-4ed7-befa-9355fe3ff261_seg_0,0,2025-11-06T02:54:47.377Z,2025-11-06T02:54:47.377Z,0.0,1,0,2,0,1,0,0.9,3,0.6931471805599453,0.0009995003330835331
9d682456-6b42-40a3-a325-76e5b7abc088,9d682456-6b42-40a3-a325-76e5b7abc088_seg_0,0,2025-11-06T03:02:51.857Z,2025-11-06T03:03:21.105Z,0.48746666666666666,2,0,2,5,4,3,0.5,0,1.0986122886681098,0.3977465073140899
0b55d710-82f7-4026-91b7-3a55eca7598a,0b55d710-82f7-4026-91b7-3a55eca7598a_seg_0,0,2025-11-06T01:12:26.081Z,2025-11-06T01:16:36.866Z,4.17975,12,0,2,5,4,3,0.5,5,2.5649493574615367,1.64494983343546
78589227-84d9-4ea8-9d9d-a96a6f25ffab,78589227-84d9-4ea8-9d9d-a96a6f25ffab_seg_0,0,2025-11-06T00:01:37.527Z,2025-11-06T00:02:50.302Z,1.2129166666666669,3,0,2,5,4,3,0.5,11,1.3862943611198906,0.7947631943127887
e5f89f15-9ea1-42cf-b97b-9147de8da8d8,e5f89f15-9ea1-42cf-b97b-9147de8da8d8_seg_0,0,2025-11-06T05:05:20.661Z,2025-11-06T05:11:20.770Z,6.001816666666667,15,0,2,5,4,3,0.5,5,2.772588722239781,1.946312449074189
6aa468ec-4141-439b-8458-a6b4ce92e2d2,6aa468ec-4141-439b-8458-a6b4ce92e2d2_seg_0,0,2025-11-06T01:08:24.328Z,2025-11-06T01:08:59.826Z,0.5916333333333333,2,0,2,5,4,3,0.5,0,1.0986122886681098,0.46538883075738385
d7dd2f48-25fa-4501-9805-3d3dfe85e2c3,d7dd2f48-25fa-4501-9805-3d3dfe85e2c3_seg_0,0,2025-11-06T05:00:49.912Z,2025-11-06T05:04:10.465Z,3.34255,9,0,2,5,4,3,0.5,9,2.302585092994046,1.4686919861054786
d63718c4-27ee-4c4f-a4da-d15960ff8db5,d63718c4-27ee-4c4f-a4da-d15960ff8db5_seg_0,0,2025-11-06T03:46:31.439Z,2025-11-06T03:49:37.077Z,3.0939666666666668,7,0,2,5,4,3,0.5,9,2.0794415416798357,1.4097585772637626
aa0ca0b6-61ee-46e5-84b2-de24403c47ac,aa0ca0b6-61ee-46e5-84b2-de24403c47ac_seg_0,0,2025-11-06T00:12:56.958Z,2025-11-06T00:14:24.175Z,1.4536166666666666,3,0,2,5,4,3,0.5,11,1.3862943611198906,0.8979706051307875
6dfbf3d5-0828-4a27-8b44-2ab92ff7b8f3,6dfbf3d5-0828-4a27-8b44-2ab92ff7b8f3_seg_0,0,2025-11-06T00:52:04.832Z,2025-11-06T00:55:17.063Z,3.20385,7,0,2,5,4,3,0.5,9,2.0794415416798357,1.436238620969394
204abc00-6b36-4c10-8196-dd574236ec99,204abc00-6b36-4c10-8196-dd574236ec99_seg_0,0,2025-11-06T05:41:57.163Z,2025-11-06T05:44:19.474Z,2.3718500000000002,5,0,2,5,4,3,0.5,9,1.791759469228055,1.2157580842931484
512d8a94-8ef4-4121-8869-69cda6f97e2b,512d8a94-8ef4-4121-8869-69cda6f97e2b_seg_0,0,2025-11-06T02:10:16.115Z,2025-11-06T02:11:12.002Z,0.93145,3,0,2,5,4,3,0.5,11,1.3862943611198906,0.6587886279235063
1f888e18-f015-4e9a-8d1d-5a4936057f47,1f888e18-f015-4e9a-8d1d-5a4936057f47_seg_0,0,2025-11-06T06:31:02.302Z,2025-11-06T06:31:44.339Z,0.7006166666666667,5,0,2,5,4,3,0.5,11,1.791759469228055,0.5315787795589472
355aeefc-cdd0-4c9e-aaff-16f4c30a4ffb,355aeefc-cdd0-4c9e-aaff-16f4c30a4ffb_seg_0,0,2025-11-06T05:15:05.562Z,2025-11-06T05:20:30.669Z,5.418450000000001,9,0,2,5,4,3,0.5,5,2.302585092994046,1.8593324442500732
ed43ff84-2de9-47fa-9026-40a5193fa7bd,ed43ff84-2de9-47fa-9026-40a5193fa7bd_seg_0,0,2025-11-06T05:13:59.456Z,2025-11-06T05:14:52.873Z,0.8902833333333333,3,0,2,5,4,3,0.5,11,1.3862943611198906,0.6372556109926487
4e49bf5f-cc09-430b-9796-7bee4f60e35a,4e49bf5f-cc09-430b-9796-7bee4f60e35a_seg_0,0,2025-11-06T03:41:13.726Z,2025-11-06T03:41:13.726Z,0.0,1,2,2,0,1,0,0.9,6,0.6931471805599453,0.0009995003330835331
4e49bf5f-cc09-430b-9796-7bee4f60e35a,4e49bf5f-cc09-430b-9796-7bee4f60e35a_seg_1,1,2025-11-06T03:55:11.379Z,2025-11-06T03:55:46.265Z,0.5814333333333334,2,0,2,5,4,3,0.5,0,1.0986122886681098,0.4589637467133165
4e1a417b-cd15-479c-8da8-978e46111b1e,4e1a417b-cd15-479c-8da8-978e46111b1e_seg_0,0,2025-11-06T06:00:58.524Z,2025-11-06T06:03:30.125Z,2.526683333333333,6,0,2,5,4,3,0.5,9,1.9459101490553132,1.2606413759905708
21ccb1f6-dc8d-4f3a-a40d-1794afa5db60,21ccb1f6-dc8d-4f3a-a40d-1794afa5db60_seg_0,0,2025-11-06T02:18:05.838Z,2025-11-06T02:22:01.715Z,3.9312833333333335,6,0,2,5,4,3,0.5,2,1.9459101490553132,1.595802031610935
dea8fe76-6f16-44b6-bdb1-c19f5d1d2a07,dea8fe76-6f16-44b6-bdb1-c19f5d1d2a07_seg_0,0,2025-11-06T02:11:01.648Z,2025-11-06T02:13:32.257Z,2.5101500000000003,8,0,2,5,4,3,0.5,9,2.1972245773362196,1.2559436191446762
5e3a7c4d-4fc8-47c7-9965-a0c0dd17ebb6,5e3a7c4d-4fc8-47c7-9965-a0c0dd17ebb6_seg_0,0,2025-11-06T02:51:34.288Z,2025-11-06T02:51:34.288Z,0.0,1,0,2,2,2,0,0.85,12,0.6931471805599453,0.0009995003330835331
7ff66935-1cda-4470-97b8-1048d9a250f5,7ff66935-1cda-4470-97b8-1048d9a250f5_seg_0,0,2025-11-06T02:42:13.330Z,2025-11-06T02:42:13.330Z,0.0,1,0,2,3,4,3,0.75,8,0.6931471805599453,0.0009995003330835331
fb2126cc-fa94-4013-b266-90143366ba2a,fb2126cc-fa94-4013-b266-90143366ba2a_seg_0,0,2025-11-06T01:25:44.005Z,2025-11-06T01:27:36.996Z,1.8831833333333334,5,0,2,5,4,3,0.5,9,1.791759469228055,1.0592417865192392
dc8392d8-99c5-438f-b35e-49349a1e5daf,dc8392d8-99c5-438f-b35e-49349a1e5daf_seg_0,0,2025-11-06T03:57:34.868Z,2025-11-06T03:57:34.868Z,0.0,1,2,2,1,1,3,0.9,10,0.6931471805599453,0.0009995003330835331
52ab2ad8-de88-40ad-9372-2f46dfe9d62d,52ab2ad8-de88-40ad-9372-2f46dfe9d62d_seg_0,0,2025-11-06T01:09:46.778Z,2025-11-06T01:10:45.549Z,0.9795166666666667,3,0,2,5,4,3,0.5,11,1.3862943611198906,0.6833577534277459
aa1a9f26-6440-4b41-8398-4ffb4c73a0de,aa1a9f26-6440-4b41-8398-4ffb4c73a0de_seg_0,0,2025-11-06T01:46:06.409Z,2025-11-06T01:46:06.409Z,0.0,1,0,2,0,2,0,0.85,3,0.6931471805599453,0.0009995003330835331
f5d63329-72db-4a11-9cfe-6c62260238ce,f5d63329-72db-4a11-9cfe-6c62260238ce_seg_0,0,2025-11-06T05:08:25.275Z,2025-11-06T05:14:23.438Z,5.969383333333334,6,0,2,5,4,3,0.5,2,1.9459101490553132,1.9416702208689192
ba88f716-d723-4502-8e93-677c1d68c1f6,ba88f716-d723-4502-8e93-677c1d68c1f6_seg_0,0,2025-11-06T04:20:32.947Z,2025-11-06T04:23:08.616Z,2.5944833333333337,6,0,2,5,4,3,0.5,9,1.9459101490553132,1.2796784281257587
aa47ab59-db15-4228-b15e-4be79133779d,aa47ab59-db15-4228-b15e-4be79133779d_seg_0,0,2025-11-06T01:44:59.841Z,2025-11-06T01:46:45.983Z,1.7690333333333332,7,0,2,5,4,3,0.5,9,2.0794415416798357,1.018859353821187
5b3838e5-1b82-4cba-a00e-c26e3861122c,5b3838e5-1b82-4cba-a00e-c26e3861122c_seg_0,0,2025-11-06T05:32:44.771Z,2025-11-06T05:34:11.273Z,1.4417,4,0,2,5,4,3,0.5,11,1.6094379124341003,0.8931039848988193
516bd6b3-6357-462a-aa57-8e25fb43d26c,516bd6b3-6357-462a-aa57-8e25fb43d26c_seg_0,0,2025-11-06T04:15:52.768Z,2025-11-06T04:16:55.810Z,1.0507,3,0,2,5,4,3,0.5,11,1.3862943611198906,0.718668717790023
320333e6-641c-47e7-ae88-269084d717ec,320333e6-641c-47e7-ae88-269084d717ec_seg_0,0,2025-11-06T06:28:53.036Z,2025-11-06T06:28:53.036Z,0.0,1,0,1,3,4,1,0.85,7,0.6931471805599453,0.0009995003330835331
9af598c3-086d-4eac-b5bd-75b9a9784010,9af598c3-086d-4eac-b5bd-75b9a9784010_seg_0,0,2025-11-06T05:31:35.883Z,2025-11-06T05:32:55.862Z,1.3329833333333334,4,0,2,5,4,3,0.5,11,1.6094379124341003,0.847576393021959
e7c1481a-46aa-491d-8b26-7860259b3aef,e7c1481a-46aa-491d-8b26-7860259b3aef_seg_0,0,2025-11-06T05:06:29.331Z,2025-11-06T05:06:29.331Z,0.0,1,0,2,2,4,3,0.9,8,0.6931471805599453,0.0009995003330835331
d39d707e-510c-4d63-b253-2a862eccab2a,d39d707e-510c-4d63-b253-2a862eccab2a_seg_0,0,2025-11-06T00:28:56.543Z,2025-11-06T00:38:20.214Z,9.394516666666668,3,0,2,5,4,3,0.5,2,1.3862943611198906,2.341374623457841
d39d707e-510c-4d63-b253-2a862eccab2a,d39d707e-510c-4d63-b253-2a862eccab2a_seg_1,1,2025-11-06T01:26:54.233Z,2025-11-06T01:26:54.233Z,0.0,1,0,2,0,3,0,0.9,3,0.6931471805599453,0.0009995003330835331
b2a23af3-0ff8-4255-a0e1-8bbd3b979f67,b2a23af3-0ff8-4255-a0e1-8bbd3b979f67_seg_0,0,2025-11-06T03:42:00.649Z,2025-11-06T03:42:05.589Z,0.08233333333333334,3,0,2,5,4,3,0.5,0,1.3862943611198906,0.08004270767353644
63dfea55-75b4-441d-a3fb-4c81364b704a,63dfea55-75b4-441d-a3fb-4c81364b704a_seg_0,0,2025-11-06T01:54:33.785Z,2025-11-06T01:55:31.963Z,0.9696333333333332,3,0,2,5,4,3,0.5,11,1.3862943611198906,0.6783549800850732
9a0bd96b-1ffb-4cc7-8aaf-c5b4ec129461,9a0bd96b-1ffb-4cc7-8aaf-c5b4ec129461_seg_0,0,2025-11-06T02:18:44.610Z,2025-11-06T02:23:01.016Z,4.273433333333333,9,0,2,5,4,3,0.5,5,2.302585092994046,1.6628712486311503
9a0bd96b-1ffb-4cc7-8aaf-c5b4ec129461,9a0bd96b-1ffb-4cc7-8aaf-c5b4ec129461_seg_1,1,2025-11-06T02:33:19.271Z,2025-11-06T02:33:19.271Z,0.0,1,1,2,2,3,0,0.85,1,0.6931471805599453,0.0009995003330835331
593b530f-aab5-4bed-9936-0dc56b756cf2,593b530f-aab5-4bed-9936-0dc56b756cf2_seg_0,0,2025-11-06T01:17:41.425Z,2025-11-06T01:21:06.466Z,3.41735,6,0,2,5,4,3,0.5,9,1.9459101490553132,1.4857663232272131
593b530f-aab5-4bed-9936-0dc56b756cf2,593b530f-aab5-4bed-9936-0dc56b756cf2_seg_1,1,2025-11-06T02:03:25.704Z,2025-11-06T02:03:25.704Z,0.0,1,2,2,2,3,0,0.95,13,0.6931471805599453,0.0009995003330835331
190f71fb-0ea6-4ef0-8aee-21119c0aeea7,190f71fb-0ea6-4ef0-8aee-21119c0aeea7_seg_0,0,2025-11-06T01:56:21.288Z,2025-11-06T01:59:57.292Z,3.6000666666666663,5,0,2,5,4,3,0.5,2,1.791759469228055,1.5262881606720675
25e25e3b-e322-4c12-b609-6565f375b9d8,25e25e3b-e322-4c12-b609-6565f375b9d8_seg_0,0,2025-11-06T03:52:16.489Z,2025-11-06T03:52:43.972Z,0.45805,2,0,2,5,4,3,0.5,0,1.0986122886681098,0.377785539001422
d875f2a9-8910-4149-801f-153d974df44e,d875f2a9-8910-4149-801f-153d974df44e_seg_0,0,2025-11-06T01:52:20.407Z,2025-11-06T01:53:30.320Z,1.1652166666666666,3,0,2,5,4,3,0.5,11,1.3862943611198906,0.7729821743547551
42fa8d27-1549-45a2-860d-466363706d67,42fa8d27-1549-45a2-860d-466363706d67_seg_0,0,2025-11-06T05:56:15.040Z,2025-11-06T05:58:34.742Z,2.3283666666666667,5,0,2,5,4,3,0.5,9,1.791759469228055,1.2027820957137145
7b897907-1a17-4046-ae6a-05af4a57d56d,7b897907-1a17-4046-ae6a-05af4a57d56d_seg_0,0,2025-11-06T00:14:13.537Z,2025-11-06T00:15:24.606Z,1.1844833333333333,3,0,2,5,4,3,0.5,11,1.3862943611198906,0.7818370092721737
ae0e6fe1-f86c-4d11-a6df-7140af10a88b,ae0e6fe1-f86c-4d11-a6df-7140af10a88b_seg_0,0,2025-11-06T02:10:26.502Z,2025-11-06T02:11:11.678Z,0.7529333333333333,3,0,2,5,4,3,0.5,11,1.3862943611198906,0.5618608848658156
43b4d845-1c30-4b51-aee4-956f94179728,43b4d845-1c30-4b51-aee4-956f94179728_seg_0,0,2025-11-06T06:31:55.989Z,2025-11-06T06:32:25.367Z,0.4896333333333333,2,0,2,5,4,3,0.5,0,1.0986122886681098,0.39920108557509876
db44f036-1720-4d37-8748-5b78da171d5a,db44f036-1720-4d37-8748-5b78da171d5a_seg_0,0,2025-11-06T02:43:21.596Z,2025-11-06T02:43:38.134Z,0.27563333333333334,2,0,2,5,4,3,0.5,0,1.0986122886681098,0.2442264045230074
db44f036-1720-4d37-8748-5b78da171d5a,db44f036-1720-4d37-8748-5b78da171d5a_seg_1,1,2025-11-06T03:00:09.331Z,2025-11-06T03:00:09.331Z,0.0,1,0,1,5,4,3,0.3,0,0.6931471805599453,0.0009995003330835331
db44f036-1720-4d37-8748-5b78da171d5a,db44f036-1720-4d37-8748-5b78da171d5a_seg_2,2,2025-11-06T03:10:55.263Z,2025-11-06T03:15:50.821Z,4.925966666666667,5,0,2,5,4,3,0.5,2,1.791759469228055,1.779512558809233
451be6b0-9519-4d9b-ad12-413fb5016df3,451be6b0-9519-4d9b-ad12-413fb5016df3_seg_0,0,2025-11-06T05:48:13.159Z,2025-11-06T05:49:28.686Z,1.2587833333333334,7,0,2,5,4,3,0.5,9,2.0794415416798357,0.8152689384818628
398e8f88-5490-4d68-92d0-a835878ab379,398e8f88-5490-4d68-92d0-a835878ab379_seg_0,0,2025-11-06T00:42:58.399Z,2025-11-06T00:44:08.394Z,1.1665833333333333,3,0,2,5,4,3,0.5,11,1.3862943611198906,0.7736128756847519
8a19c9e7-a6e4-4748-a58b-5a302c0697cd,8a19c9e7-a6e4-4748-a58b-5a302c0697cd_seg_0,0,2025-11-06T00:17:39.560Z,2025-11-06T00:22:47.053Z,5.124883333333333,2,0,2,5,4,3,0.5,2,1.0986122886681098,1.8125229637194946
85214b37-fce6-4c30-a9eb-86ebb47112c7,85214b37-fce6-4c30-a9eb-86ebb47112c7_seg_0,0,2025-11-06T06:02:37.223Z,2025-11-06T06:02:37.223Z,0.0,1,0,2,5,4,3,0.5,0,0.6931471805599453,0.0009995003330835331
df8d0e21-638a-4d08-86f2-d669e4c19c31,df8d0e21-638a-4d08-86f2-d669e4c19c31_seg_0,0,2025-11-06T04:01:34.431Z,2025-11-06T04:01:34.431Z,0.0,1,0,2,2,1,0,0.85,3,0.6931471805599453,0.0009995003330835331
a2be719e-178c-40ff-bef7-e4394f911290,a2be719e-178c-40ff-bef7-e4394f911290_seg_0,0,2025-11-06T01:54:30.260Z,2025-11-06T02:01:06.707Z,6.60745,6,0,2,5,4,3,0.5,2,1.9459101490553132,2.0292594717588837
ece58ac6-9dcd-4d00-bfcd-096565677dee,ece58ac6-9dcd-4d00-bfcd-096565677dee_seg_0,0,2025-11-06T02:08:36.978Z,2025-11-06T02:09:59.603Z,1.3770833333333334,4,0,2,5,4,3,0.5,11,1.6094379124341003,0.8662948411084654
5dc34309-2e8a-47db-844d-d8ce89ca92de,5dc34309-2e8a-47db-844d-d8ce89ca92de_seg_0,0,2025-11-06T05:41:51.684Z,2025-11-06T05:41:51.684Z,0.0,1,0,2,0,1,0,0.8,3,0.6931471805599453,0.0009995003330835331
d808025f-fb81-4a79-b872-a09852c05a1a,d808025f-fb81-4a79-b872-a09852c05a1a_seg_0,0,2025-11-06T05:11:54.153Z,2025-11-06T05:11:54.153Z,0.0,1,0,2,2,2,0,0.9,12,0.6931471805599453,0.0009995003330835331
662b9daf-4805-4f54-bf3f-81dc9d733910,662b9daf-4805-4f54-bf3f-81dc9d733910_seg_0,0,2025-11-06T03:20:07.438Z,2025-11-06T03:20:07.438Z,0.0,1,0,2,2,3,0,0.85,12,0.6931471805599453,0.0009995003330835331
82f5544b-fccf-4a59-8262-986ea36fa11a,82f5544b-fccf-4a59-8262-986ea36fa11a_seg_0,0,2025-11-06T01:50:38.841Z,2025-11-06T01:50:38.841Z,0.0,1,0,2,5,4,3,0.5,0,0.6931471805599453,0.0009995003330835331
93654291-2931-4e08-b292-a1080e34bc1a,93654291-2931-4e08-b292-a1080e34bc1a_seg_0,0,2025-11-06T04:45:40.288Z,2025-11-06T04:45:40.288Z,0.0,1,2,2,1,3,3,0.9,10,0.6931471805599453,0.0009995003330835331
0c629947-31b1-49ad-b948-46da545795f9,0c629947-31b1-49ad-b948-46da545795f9_seg_0,0,2025-11-06T00:36:34.128Z,2025-11-06T00:37:24.580Z,0.8408666666666667,2,0,2,5,4,3,0.5,0,1.0986122886681098,0.6107795501245163
81be350a-a154-47ca-b3ca-a58ca63ff0f5,81be350a-a154-47ca-b3ca-a58ca63ff0f5_seg_0,0,2025-11-06T00:40:16.951Z,2025-11-06T00:40:16.951Z,0.0,1,0,2,2,2,0,0.9,12,0.6931471805599453,0.0009995003330835331
3157b8bc-58a8-4a48-9750-293a9ff640a9,3157b8bc-58a8-4a48-9750-293a9ff640a9_seg_0,0,2025-11-06T04:37:06.249Z,2025-11-06T04:37:34.976Z,0.47878333333333334,2,0,2,5,4,3,0.5,0,1.0986122886681098,0.3918956806626289
a249c4c6-8ecf-4b19-b3ba-871fbda01dca,a249c4c6-8ecf-4b19-b3ba-871fbda01dca_seg_0,0,2025-11-06T04:26:23.403Z,2025-11-06T04:26:23.403Z,0.0,1,0,2,2,1,3,0.85,4,0.6931471805599453,0.0009995003330835331
17361842-e402-4111-8b02-d42cf45b984e,17361842-e402-4111-8b02-d42cf45b984e_seg_0,0,2025-11-06T04:18:37.308Z,2025-11-06T04:18:37.308Z,0.0,1,0,2,2,4,0,0.9,7,0.6931471805599453,0.0009995003330835331
6627ce8b-13a2-425d-a034-488730f3cd85,6627ce8b-13a2-425d-a034-488730f3cd85_seg_0,0,2025-11-06T03:54:12.709Z,2025-11-06T03:54:12.709Z,0.0,1,0,2,5,0,3,0.85,4,0.6931471805599453,0.0009995003330835331
195eab79-8ffa-4965-b97d-5a71b409c8e6,195eab79-8ffa-4965-b97d-5a71b409c8e6_seg_0,0,2025-11-06T00:15:18.699Z,2025-11-06T00:15:18.699Z,0.0,1,0,2,2,4,0,0.85,7,0.6931471805599453,0.0009995003330835331
dfde19ee-d14c-46b4-8842-10342d5c9b2f,dfde19ee-d14c-46b4-8842-10342d5c9b2f_seg_0,0,2025-11-06T02:51:59.437Z,2025-11-06T02:51:59.437Z,0.0,1,2,2,2,3,0,0.9,13,0.6931471805599453,0.0009995003330835331
e753fafa-4b0c-4505-80d1-55cb9c4ae12d,e753fafa-4b0c-4505-80d1-55cb9c4ae12d_seg_0,0,2025-11-06T04:18:26.549Z,2025-11-06T04:18:26.549Z,0.0,1,2,2,2,4,0,0.95,13,0.6931471805599453,0.0009995003330835331
0147d142-ac66-4962-868e-3019ba1788a3,0147d142-ac66-4962-868e-3019ba1788a3_seg_0,0,2025-11-06T00:03:38.610Z,2025-11-06T00:03:38.610Z,0.0,1,0,2,2,3,0,0.85,12,0.6931471805599453,0.0009995003330835331
a3812865-df8a-40de-82cc-0ac4c432a746,a3812865-df8a-40de-82cc-0ac4c432a746_seg_0,0,2025-11-06T03:37:41.169Z,2025-11-06T03:37:41.169Z,0.0,1,1,2,5,1,0,0.85,1,0.6931471805599453,0.0009995003330835331
dae66e48-4cc8-48b8-8d38-f44f23d7cf29,dae66e48-4cc8-48b8-8d38-f44f23d7cf29_seg_0,0,2025-11-06T04:00:05.741Z,2025-11-06T04:00:05.741Z,0.0,1,0,2,0,2,0,0.9,3,0.6931471805599453,0.0009995003330835331
7cd91370-cb0c-4513-ae29-febe92fa17a6,7cd91370-cb0c-4513-ae29-febe92fa17a6_seg_0,0,2025-11-06T01:10:17.791Z,2025-11-06T01:10:17.791Z,0.0,1,1,2,2,2,0,0.9,1,0.6931471805599453,0.0009995003330835331
2c037b7c-50e7-49d2-acb2-04ff1970a45d,2c037b7c-50e7-49d2-acb2-04ff1970a45d_seg_0,0,2025-11-06T06:11:57.798Z,2025-11-06T06:11:57.798Z,0.0,1,0,2,5,4,3,0.5,0,0.6931471805599453,0.0009995003330835331
56203742-0315-46a7-8625-6675ef86c878,56203742-0315-46a7-8625-6675ef86c878_seg_0,0,2025-11-06T03:11:38.717Z,2025-11-06T03:11:38.717Z,0.0,1,1,2,2,3,0,0.85,1,0.6931471805599453,0.0009995003330835331
a9370381-9a00-4cef-b921-f284f6b70968,a9370381-9a00-4cef-b921-f284f6b70968_seg_0,0,2025-11-06T03:01:17.256Z,2025-11-06T03:01:17.256Z,0.0,1,0,2,4,1,3,0.9,4,0.6931471805599453,0.0009995003330835331
ea10039e-5dac-4a93-a2a6-99b5d4bfdeea,ea10039e-5dac-4a93-a2a6-99b5d4bfdeea_seg_0,0,2025-11-06T05:33:17.931Z,2025-11-06T05:33:17.931Z,0.0,1,0,2,0,2,0,0.85,3,0.6931471805599453,0.0009995003330835331
f612a131-20c5-44ec-9c54-bf7e5e32ef65,f612a131-20c5-44ec-9c54-bf7e5e32ef65_seg_0,0,2025-11-06T05:51:48.304Z,2025-11-06T05:51:48.304Z,0.0,1,2,2,0,1,0,0.95,6,0.6931471805599453,0.0009995003330835331
c68d37c7-382c-436f-a071-71aaf31cbcd3,c68d37c7-382c-436f-a071-71aaf31cbcd3_seg_0,0,2025-11-06T05:07:33.929Z,2025-11-06T05:07:33.929Z,0.0,1,2,2,2,1,0,0.9,6,0.6931471805599453,0.0009995003330835331
